sesi,durasi_s,jarak_m,v_awal,v_akhir,v_min,i_rata_gerak_a,i_rata_diam_a,i_maks_a,wh_total,wh_gerak,wh_diam,wh_per_m_gerak,w_rata_gerak,detik_otonom,sumber_arus
20260811_204937,664,0.3,48.6,48.6,48.6,3.29,5.46,10.3,48.84,0.10,48.74,,,0,trq(/motor_torque)
20260811_210638,679,2.1,48.6,48.6,48.4,2.68,1.17,3.1,10.75,0.03,10.72,,,0,trq(/motor_torque)
20260811_211801,618,0.0,48.6,48.6,48.1,1.4,1.4,1.4,11.67,0.06,11.61,,,0,trq(/motor_torque)
20260811_214051,197,8.9,48.5,48.2,47.7,15.21,20.8,33.2,53.53,3.19,50.33,0.359,718,0,trq(/motor_torque)
20260811_230451,881,40.0,48.4,48.3,46.9,16.23,6.36,32.9,78.22,5.86,72.37,0.146,781,0,trq(/motor_torque)
20260811_234357,516,3.5,48.1,48.1,48.0,13.74,5.15,17.2,35.57,0.06,35.51,,,0,trq(/motor_torque)
20260812_003439,715,2.3,48.1,48.1,47.4,7.12,1.81,17.9,17.51,0.34,17.18,,,0,eff(/joint_states)
20260812_005957,576,0.0,48.1,48.0,47.0,23.12,13.18,33.0,109.87,21.49,88.38,,1105,0,trq(/motor_torque)
20260812_010139,404,33.0,48.1,48.0,47.2,23.17,19.49,33.0,108.37,24.72,83.65,0.749,1113,0,trq(/motor_torque)
20260812_011120,319,28.5,48.0,47.8,47.3,13.74,16.9,30.9,69.08,10.29,58.78,0.361,662,0,eff(/joint_states)
20260812_011713,876,13.4,48.0,47.7,47.1,21.94,25.16,33.3,289.39,17.10,272.30,1.276,1043,0,eff(/joint_states)
20260812_141856,275,0.0,47.1,47.0,47.0,,0.0,0.0,0.00,0.00,0.00,,,0,trq(/motor_torque)
20260812_143451,87,0.0,46.8,46.8,46.7,,5.1,5.1,5.73,0.00,5.73,,,0,trq(/motor_torque)
20260812_153614,73,0.0,45.4,45.3,45.3,,2.1,2.1,1.93,0.00,1.93,,,0,trq(/motor_torque)
20260812_161638,203,0.0,44.0,43.8,43.7,,4.09,4.1,10.09,0.00,10.09,,,0,trq(/motor_torque)
20260812_165547,117,5.2,43.2,43.1,42.6,4.59,3.85,23.2,5.39,0.19,5.20,0.037,,0,trq(/motor_torque)
20260812_165849,498,0.0,43.0,42.4,42.4,,0.0,0.0,0.00,0.00,0.00,,,0,trq(/motor_torque)
20260812_170720,77,2.9,42.4,42.4,40.8,4.69,1.6,14.7,1.49,0.08,1.41,,,0,trq(/motor_torque)
20260813_112738,16079,0.0,49.7,50.1,49.7,,0.0,0.0,0.00,0.00,0.00,,,0,trq(/motor_torque)
20260813_160002,159,0.0,50.1,50.1,50.0,,0.0,0.0,0.00,0.00,0.00,,,0,trq(/motor_torque)
20260813_160248,478,31.0,50.1,50.1,49.2,20.7,19.89,33.1,132.29,23.06,109.23,0.744,1025,0,trq(/motor_torque)
20260813_161121,265,9.2,50.1,50.1,49.4,22.84,18.91,29.5,71.89,13.79,58.10,1.499,1128,0,trq(/motor_torque)
20260813_161611,894,66.9,50.0,50.0,49.2,19.62,18.11,33.2,227.53,45.85,181.68,0.685,977,0,trq(/motor_torque)
20260813_163208,2739,67.5,50.0,50.1,49.4,15.4,7.13,33.1,287.92,31.49,256.43,0.466,766,0,trq(/motor_torque)
20260813_173643,47,0.0,50.1,50.1,50.0,,0.0,0.0,0.00,0.00,0.00,,,0,trq(/motor_torque)
20260813_173738,2852,93.1,50.1,50.0,49.2,14.42,14.59,33.4,576.65,48.09,528.56,0.517,718,0,trq(/motor_torque)
20260813_201126,1311,75.0,50.0,49.9,49.0,18.38,13.28,33.4,253.11,45.45,207.67,0.606,914,0,trq(/motor_torque)
20260814_104716,292,0.0,49.1,49.6,49.1,,0.0,0.0,0.00,0.00,0.00,,,0,trq(/motor_torque)
20260814_110525,89,0.0,49.5,49.5,49.5,,0.0,0.0,0.00,0.00,0.00,,,0,eff(/joint_states)
20260814_111347,283,0.0,49.5,49.5,49.5,,0.0,0.0,0.00,0.00,0.00,,,0,eff(/joint_states)
20260814_112537,1011,2.1,49.5,49.6,49.0,0.0,0.0,0.0,0.00,0.00,0.00,,0,0,eff(/joint_states)
20260814_114246,346,1.0,49.6,49.6,49.3,3.81,1.56,8.6,7.63,0.31,7.32,,,0,eff(/joint_states)
20260814_135126,882,6.4,49.6,49.5,48.3,20.26,6.73,33.4,80.06,14.49,65.57,2.265,1003,0,eff(/joint_states)
20260814_141527,177,7.0,49.6,49.5,48.7,16.98,2.87,29.9,11.87,5.96,5.90,0.852,826,0,eff(/joint_states)
20260814_142008,803,0.0,49.5,49.5,49.2,12.3,0.2,33.0,2.20,0.04,2.16,,,9,eff(/joint_states)
20260814_143401,350,5.0,49.6,49.5,48.6,19.43,3.04,31.6,23.51,10.59,12.92,2.118,953,2,eff(/joint_states)
20260814_143959,362,1.0,49.5,49.5,49.0,21.67,9.97,31.8,50.58,1.79,48.78,,,10,eff(/joint_states)
20260814_150229,95,1.0,49.6,49.6,49.4,3.99,0.35,7.9,0.72,0.28,0.43,,,0,eff(/joint_states)
20260814_150428,393,0.2,49.6,49.6,49.5,4.15,1.26,12.3,6.87,0.08,6.79,,,0,eff(/joint_states)
20260814_151318,1070,1.5,49.6,49.5,48.9,9.51,1.82,31.3,27.35,0.77,26.58,,,0,eff(/joint_states)
20260814_153319,162,0.7,49.6,49.6,49.3,2.96,1.23,17.1,3.06,0.55,2.51,,142,0,eff(/joint_states)
20260814_153840,100,0.2,49.6,49.6,49.3,4.25,1.44,9.2,2.08,0.12,1.96,,,0,eff(/joint_states)
20260814_154219,223,1.8,49.6,49.6,49.2,2.69,2.32,8.3,7.79,4.79,3.00,,134,0,eff(/joint_states)
20260814_154753,275,0.4,49.6,49.6,49.4,3.69,2.96,12.6,11.23,0.17,11.07,,,0,eff(/joint_states)
20260814_155434,313,2.2,49.6,49.5,48.4,20.07,1.56,32.2,10.15,3.76,6.39,,967,0,eff(/joint_states)
20260814_160143,298,3.4,49.6,49.6,48.7,12.47,3.43,32.3,14.99,1.36,13.62,,,0,trq(/motor_torque)
20260814_160848,516,9.2,49.6,49.6,48.4,18.34,1.79,33.0,19.40,7.52,11.88,0.818,903,0,trq(/motor_torque)
20260814_161752,173,0.0,49.6,49.6,49.5,,0.0,0.0,0.00,0.00,0.00,,,0,eff(/joint_states)
20260814_162056,461,13.4,49.6,49.5,48.8,15.58,3.56,33.0,39.95,22.68,17.27,1.692,770,31,eff(/joint_states)
20260814_163959,531,6.8,49.5,49.5,48.5,16.52,5.08,33.2,38.95,2.94,36.01,0.432,814,11,eff(/joint_states)
20260814_165647,833,0.3,49.5,49.5,48.9,12.04,2.45,32.9,28.40,0.54,27.86,,,22,eff(/joint_states)
20260814_171125,1486,7.6,49.5,49.5,49.1,16.63,0.39,29.5,18.78,11.02,7.76,1.450,826,0,eff(/joint_states)
20260814_174134,495,1.6,49.5,49.5,49.1,5.87,3.41,33.4,23.61,1.07,22.54,,297,19,eff(/joint_states)
20260814_174953,202,9.2,49.5,49.4,49.0,16.7,5.79,28.4,22.23,9.59,12.64,1.042,822,70,eff(/joint_states)
20260814_181111,1254,2.9,49.6,49.5,49.1,13.64,4.4,27.6,77.98,3.12,74.87,,660,9,eff(/joint_states)
20260818_175029,157,0.0,50.3,50.2,49.7,,0.0,0.0,0.00,0.00,0.00,,,0,eff(/joint_states)
20260818_175948,227,14.9,50.3,50.2,49.1,19.45,13.74,33.0,46.48,11.12,35.36,0.747,977,0,trq(/motor_torque)
20260818_180342,298,0.0,50.2,50.1,50.1,,6.46,10.0,26.79,0.00,26.79,,,0,trq(/motor_torque)
20260818_180843,133,0.0,50.1,50.1,50.1,,0.0,0.0,0.00,0.00,0.00,,,0,trq(/motor_torque)
20260818_182003,571,0.0,50.1,50.1,50.1,5.72,0.06,7.9,0.49,0.03,0.46,,,2,trq(/motor_torque)
20260818_182630,2241,0.0,50.1,49.9,48.6,0.0,0.0,0.0,0.00,0.00,0.00,,0,733,trq(/motor_torque)
20260818_182940,2051,118.6,50.1,49.9,48.3,19.93,6.68,33.4,309.25,180.46,128.79,1.522,990,669,eff(/joint_states)
20260818_183010,2021,118.6,50.1,49.9,48.4,19.93,7.3,33.4,309.25,166.57,142.68,1.404,990,670,eff(/joint_states)
20260818_183139,1932,118.6,50.1,49.9,48.3,19.92,7.36,33.4,309.24,179.19,130.05,1.511,991,639,eff(/joint_states)
20260818_184250,1262,66.6,49.9,49.9,48.5,19.49,7.21,33.0,182.50,90.10,92.40,1.353,965,333,eff(/joint_states)
20260818_190454,1081,25.1,49.9,49.8,48.4,18.46,4.99,33.4,87.88,27.23,60.65,1.085,908,0,eff(/joint_states)
20260818_192300,84,0.0,49.7,49.8,49.7,,13.4,13.4,15.59,0.00,15.59,,,30,eff(/joint_states)
20260818_192429,2792,77.7,49.7,49.7,48.4,21.65,3.63,33.3,263.80,149.44,114.36,1.923,1072,603,eff(/joint_states)
20260819_130935,707,42.3,50.1,50.0,48.1,21.69,10.4,33.3,138.89,71.75,67.14,1.696,1076,0,eff(/joint_states)
20260819_132126,859,47.5,50.0,50.0,49.1,21.08,10.56,33.0,160.54,69.68,90.86,1.467,1050,521,eff(/joint_states)
20260819_133550,36,0.9,50.1,50.0,48.9,16.95,3.66,28.0,2.65,1.05,1.60,,,0,eff(/joint_states)
20260819_133630,691,46.1,50.1,50.1,49.5,20.29,7.92,30.3,108.84,54.30,54.54,1.178,1013,326,eff(/joint_states)
20260819_134805,2482,15.2,50.1,48.1,48.1,4.85,0.82,31.6,30.62,2.76,27.86,0.182,242,0,eff(/joint_states)
20260819_144806,156,0.0,49.7,50.1,49.7,,0.0,0.0,0.00,0.00,0.00,,,0,eff(/joint_states)
20260819_145058,512,0.2,50.1,50.1,50.0,3.46,3.34,11.7,23.75,0.09,23.66,,,0,eff(/joint_states)
20260819_145936,603,5.7,50.1,50.1,49.3,19.38,5.5,32.4,55.16,12.66,42.50,2.221,970,0,eff(/joint_states)
20260819_150950,190,11.3,50.1,50.0,49.0,18.35,11.79,33.1,37.79,19.06,18.73,1.687,915,0,eff(/joint_states)
20260819_151310,1248,90.6,50.1,50.0,49.1,22.74,10.36,33.1,266.68,161.28,105.40,1.780,1134,773,eff(/joint_states)
20260819_153505,2143,102.3,50.1,50.1,49.1,22.76,5.59,32.7,316.95,200.49,116.46,1.960,1133,1032,eff(/joint_states)
20260819_163152,128,0.0,50.1,50.1,50.0,,8.5,8.5,14.95,0.00,14.95,,,0,eff(/joint_states)
20260819_170541,235,0.0,49.6,50.1,49.6,,0.0,0.0,0.00,0.00,0.00,,,0,eff(/joint_states)
20260819_171028,721,39.5,50.1,48.5,48.5,20.42,5.8,33.1,99.96,58.66,41.30,1.485,1015,301,eff(/joint_states)
20260819_172303,1713,61.1,50.1,50.0,49.3,20.83,4.42,33.1,183.99,100.41,83.58,1.643,1039,563,eff(/joint_states)
20260820_141626,223,3.7,49.6,49.6,49.3,6.15,3.13,25.1,10.57,1.98,8.60,,309,6,eff(/joint_states)
20260820_142013,323,0.9,49.6,49.6,49.4,6.34,5.17,8.2,23.10,0.52,22.57,,,0,eff(/joint_states)
20260820_142601,184,6.8,49.6,49.6,49.1,6.31,2.99,29.3,9.24,3.19,6.05,0.469,310,46,eff(/joint_states)
20260820_142932,605,51.4,49.6,49.5,48.4,21.1,11.67,33.2,132.54,80.31,52.23,1.562,1040,372,eff(/joint_states)
20260820_144010,81,0.9,49.6,49.6,49.0,18.96,1.9,28.9,4.71,2.88,1.83,,943,0,eff(/joint_states)
20260820_144224,62,0.0,49.6,49.6,49.6,,0.0,0.0,0.00,0.00,0.00,,,0,eff(/joint_states)
20260820_144351,186,6.8,49.6,49.6,49.0,16.38,7.22,30.2,23.76,9.44,14.33,1.388,809,0,eff(/joint_states)
20260820_144709,873,80.0,49.6,49.5,48.5,18.05,10.28,32.0,162.88,92.90,69.98,1.161,889,533,eff(/joint_states)
20260820_150216,1547,73.6,49.5,49.6,48.6,20.31,7.82,33.4,231.77,107.56,124.21,1.461,1001,568,eff(/joint_states)
20260820_152844,325,9.7,49.6,49.6,49.1,14.38,4.0,29.5,25.81,11.03,14.78,1.137,709,0,eff(/joint_states)
20260820_153416,1212,23.5,49.6,49.5,48.9,17.51,9.09,30.3,165.72,29.86,135.86,1.271,867,100,eff(/joint_states)
20260820_155549,1935,149.7,49.5,49.4,48.4,22.74,13.79,32.6,483.13,300.31,182.82,2.006,1119,1580,eff(/joint_states)
20260820_163345,270,5.5,49.5,49.4,49.1,15.88,14.02,27.9,52.40,6.22,46.18,1.131,772,0,eff(/joint_states)
20260820_163821,76,3.8,49.5,49.5,49.2,14.01,10.41,29.9,11.89,4.05,7.84,,694,0,eff(/joint_states)
20260820_163944,2114,120.5,49.5,49.5,48.5,16.54,6.65,30.1,281.02,148.25,132.78,1.230,814,1071,eff(/joint_states)
20260820_171616,373,16.4,49.5,49.5,48.9,16.62,3.59,31.6,34.06,20.06,14.00,1.223,821,110,eff(/joint_states)
20260820_172236,1018,29.5,49.5,49.5,48.9,16.83,2.64,30.8,69.45,38.74,30.71,1.313,830,241,eff(/joint_states)
20260820_173954,512,19.3,49.5,49.5,48.8,16.39,3.21,31.4,39.48,21.20,18.28,1.098,812,109,eff(/joint_states)
20260820_174833,459,31.5,49.5,49.5,48.7,18.07,7.58,31.9,71.16,40.73,30.43,1.293,889,219,eff(/joint_states)
20260820_175619,741,0.0,49.5,49.5,49.5,,0.0,0.0,0.00,0.00,0.00,,,0,eff(/joint_states)
20260820_180846,494,24.9,49.5,49.5,48.8,16.61,5.44,32.6,57.05,30.31,26.74,1.217,814,184,eff(/joint_states)
20260821_100004,1007,0.0,50.1,50.1,50.0,,0.0,0.0,0.00,0.00,0.00,,,0,eff(/joint_states)
20260821_101658,1020,0.0,50.1,50.1,50.1,,0.0,0.0,0.00,0.00,0.00,,,0,eff(/joint_states)
20260821_103404,700,0.4,50.1,50.1,50.1,3.95,0.18,6.0,2.08,0.37,1.71,,,4,eff(/joint_states)
20260821_104549,2112,6.7,50.1,50.1,48.9,6.24,2.92,22.3,86.28,1.12,85.16,0.167,310,0,trq(/motor_torque)
20260821_112106,1984,178.9,50.1,50.1,48.6,17.58,15.48,33.4,435.00,85.94,349.06,0.480,876,0,trq(/motor_torque)
20260821_134640,55,0.0,49.7,50.1,49.7,,0.0,0.0,0.00,0.00,0.00,,,0,eff(/joint_states)
20260821_134824,1336,46.3,50.1,50.1,49.1,19.77,4.87,33.4,161.17,94.14,67.03,2.033,985,185,eff(/joint_states)
20260821_141546,609,28.9,50.1,50.1,49.2,15.04,11.15,33.0,103.41,35.38,68.03,1.224,749,184,eff(/joint_states)
20260821_142602,2608,4.3,50.1,50.1,49.7,12.53,0.16,29.9,11.33,5.42,5.90,,630,12,eff(/joint_states)
20260821_150936,124,6.3,50.1,50.1,49.4,12.66,3.51,30.8,9.19,4.36,4.83,0.691,627,0,eff(/joint_states)
20260821_151147,116,9.0,50.1,50.1,49.5,13.47,11.13,32.4,19.64,10.12,9.52,1.124,675,0,eff(/joint_states)
20260821_151350,738,19.8,50.1,50.1,49.5,19.34,3.65,32.0,74.33,45.61,28.73,2.303,966,219,eff(/joint_states)
20260821_152613,330,14.6,50.1,49.8,49.3,18.96,7.29,30.2,49.74,26.65,23.09,1.825,950,147,eff(/joint_states)
20260821_153147,187,1.4,50.1,50.1,49.6,21.7,2.33,31.6,11.74,6.36,5.38,,1090,0,eff(/joint_states)
20260821_153745,97,7.0,50.1,50.1,49.3,14.28,7.48,31.8,13.38,6.95,6.43,0.992,715,31,eff(/joint_states)
20260821_153929,357,8.0,50.1,50.1,48.9,15.06,1.45,29.8,13.95,7.50,6.46,0.937,750,47,eff(/joint_states)
20260821_154532,239,2.2,50.1,50.1,49.6,18.64,1.01,32.1,7.13,4.00,3.14,,959,0,eff(/joint_states)
20260821_154938,371,18.8,50.1,50.1,49.3,18.39,10.43,30.0,67.24,31.63,35.61,1.682,918,171,eff(/joint_states)
20260821_155556,845,25.2,50.1,50.1,49.4,18.5,10.29,30.1,137.10,36.94,100.16,1.466,923,199,eff(/joint_states)
20260821_161007,141,0.4,50.1,50.1,50.0,3.92,0.16,6.5,0.48,0.17,0.32,,,0,eff(/joint_states)
20260821_161326,76,3.4,50.1,50.1,49.6,19.45,11.19,31.0,12.57,2.02,10.55,,,0,trq(/motor_torque)
20260821_161500,902,73.0,50.1,50.1,49.2,20.2,15.47,33.4,202.65,39.63,163.01,0.543,1005,0,trq(/motor_torque)
20260821_163010,54,1.3,50.1,50.0,49.6,19.23,11.92,32.0,9.77,2.21,7.56,,,0,eff(/joint_states)
20260821_163108,625,45.2,50.1,50.1,49.3,21.33,17.8,33.1,158.22,24.28,133.94,0.537,1066,0,trq(/motor_torque)
20260821_164141,45,1.9,50.1,50.1,49.8,21.71,9.6,29.4,7.76,3.20,4.56,,1047,0,eff(/joint_states)
20260821_164405,112,1.9,50.0,50.1,49.6,17.57,1.46,27.3,3.54,1.40,2.14,,,0,eff(/joint_states)
20260821_164603,1468,40.1,50.1,50.1,49.3,18.94,3.07,32.0,124.03,73.56,50.47,1.835,946,440,eff(/joint_states)
20260821_171038,74,3.3,50.1,50.1,49.7,14.94,3.26,30.4,5.58,2.83,2.74,,728,0,eff(/joint_states)
20260821_171159,2583,0.0,50.1,50.1,48.1,21.02,3.31,32.9,187.52,98.35,89.17,,1047,580,eff(/joint_states)
20260821_181022,3562,2.1,49.6,50.0,49.1,9.19,0.1,25.9,5.15,0.32,4.83,,,0,eff(/joint_states)
20260824_153821,198,0.0,49.6,49.6,49.6,,0.0,0.0,0.00,0.00,0.00,,,0,eff(/joint_states)
20260824_154142,33,0.0,49.6,49.6,49.6,,0.0,0.0,0.00,0.00,0.00,,,0,eff(/joint_states)
20260824_154320,1108,0.4,49.6,49.6,48.7,18.98,0.55,32.2,9.35,1.03,8.32,,,0,eff(/joint_states)
20260824_170853,678,16.6,49.6,49.6,48.6,15.13,2.29,33.3,33.99,14.96,19.03,0.901,748,0,eff(/joint_states)
20260824_172026,827,43.1,49.6,49.6,48.4,16.47,6.21,29.8,103.13,52.44,50.69,1.217,814,0,eff(/joint_states)
20260824_173427,606,41.2,49.6,49.5,48.7,15.26,7.42,30.2,82.12,39.86,42.26,0.967,755,147,eff(/joint_states)
20260824_174444,480,22.4,49.6,49.6,49.0,15.19,5.39,31.5,53.53,27.91,25.61,1.246,750,65,eff(/joint_states)
20260824_175248,3431,152.7,49.6,49.6,48.3,18.55,5.21,33.3,424.38,249.35,175.03,1.633,914,610,eff(/joint_states)
20260824_185010,373,20.6,49.6,49.5,48.7,13.23,6.76,28.4,46.21,23.75,22.47,1.153,653,0,eff(/joint_states)
20260824_185634,594,27.6,49.5,49.5,48.5,17.87,6.75,29.9,86.99,51.92,35.06,1.881,882,244,eff(/joint_states)
20260826_103839,564,0.0,50.1,50.1,50.1,,0.0,0.0,0.00,0.00,0.00,,,0,eff(/joint_states)
20260826_110604,1117,30.0,50.1,50.1,49.3,16.39,3.2,29.7,87.46,47.08,40.38,1.569,819,212,eff(/joint_states)
20260826_112447,66,2.2,50.1,50.1,49.8,14.55,3.87,28.3,5.65,2.89,2.76,,742,0,eff(/joint_states)
20260826_112600,253,8.1,50.1,50.1,49.6,18.64,4.21,32.4,24.62,12.74,11.88,1.572,936,0,eff(/joint_states)
20260826_113021,148,12.6,50.1,50.1,49.3,15.26,6.58,29.5,19.83,11.24,8.60,0.892,763,0,eff(/joint_states)
20260826_113255,747,13.8,50.1,50.0,49.1,14.66,4.29,33.1,51.24,9.50,41.74,0.689,728,0,eff(/joint_states)
20260826_114530,67,6.8,50.0,50.0,49.3,16.2,11.55,32.8,13.34,8.99,4.34,1.323,809,0,eff(/joint_states)
20260826_114644,46,3.8,50.0,50.0,49.7,13.1,11.84,27.7,7.83,3.68,4.14,,663,0,eff(/joint_states)
20260826_114737,6139,97.3,50.0,50.1,49.0,16.91,3.37,31.5,385.25,154.12,231.13,1.584,843,1097,eff(/joint_states)
20260826_133029,44,4.1,50.1,50.1,50.0,0.0,0.0,0.0,0.00,0.00,0.00,,,0,eff(/joint_states)
20260826_133122,1386,51.0,50.1,50.1,48.8,19.0,8.08,33.0,207.35,90.45,116.90,1.773,944,863,eff(/joint_states)
20260826_135439,1443,50.2,50.1,50.1,48.9,17.52,4.85,32.3,159.55,86.48,73.08,1.723,872,374,eff(/joint_states)
20260826_145325,1037,27.0,50.1,50.1,48.7,17.17,4.77,31.9,98.00,40.64,57.37,1.505,856,121,eff(/joint_states)
20260826_151048,136,5.6,50.1,50.1,49.0,23.67,10.39,29.8,26.88,12.99,13.89,2.320,1169,21,eff(/joint_states)
20260826_151313,2574,95.6,50.1,50.1,48.9,18.39,3.59,33.2,261.46,166.01,95.44,1.737,915,613,eff(/joint_states)
20260826_155618,656,19.9,50.1,50.1,49.0,17.93,6.98,32.5,76.83,31.96,44.87,1.606,892,405,eff(/joint_states)
20260826_161420,1880,9.3,50.1,50.1,49.3,11.13,1.52,27.2,46.98,9.09,37.90,0.977,554,42,eff(/joint_states)
20260826_164614,795,38.3,50.1,50.0,49.2,11.64,6.79,29.2,92.29,41.74,50.55,1.090,580,158,eff(/joint_states)
20260826_170718,306,3.8,50.0,50.0,49.6,6.11,2.57,21.0,12.17,2.17,10.00,,300,0,eff(/joint_states)
20260826_171234,574,19.3,50.1,50.0,49.4,10.68,6.45,28.6,57.84,16.21,41.63,0.840,531,0,eff(/joint_states)
20260826_172254,764,29.7,50.0,50.0,49.1,12.61,9.62,29.2,109.04,30.34,78.71,1.021,628,101,eff(/joint_states)
20260826_173617,1259,67.6,50.1,50.0,49.1,18.92,10.89,30.6,245.19,131.47,113.71,1.945,941,606,eff(/joint_states)
20260827_121608,2361,56.8,49.8,49.6,48.6,10.08,3.31,32.7,138.55,45.84,92.71,0.807,499,0,eff(/joint_states)
20260827_125826,608,8.3,49.7,49.6,47.9,14.67,2.09,29.1,22.20,5.53,16.67,0.666,711,0,eff(/joint_states)
20260827_130923,13459,0.0,49.6,49.6,49.6,,0.0,0.0,0.00,0.00,0.00,,,0,eff(/joint_states)
20260827_165406,3840,4.8,49.6,49.6,48.4,18.92,0.16,32.8,12.75,4.13,8.61,,930,0,eff(/joint_states)
20260828_134254,99,0.0,49.4,49.5,49.4,,0.0,0.0,0.00,0.00,0.00,,,0,eff(/joint_states)
20260828_135400,13766,262.8,49.5,49.5,47.8,12.62,4.55,33.4,1040.67,282.86,757.82,1.076,621,0,eff(/joint_states)
20260828_174525,1038,14.2,49.4,49.4,48.6,17.61,0.65,32.8,27.30,18.85,8.46,1.327,870,0,eff(/joint_states)
20260828_181525,560,7.5,49.5,49.4,48.6,18.51,0.75,33.1,10.13,4.56,5.57,0.607,911,0,eff(/joint_states)
20260831_105743,223,12.4,49.3,49.3,48.0,18.22,6.85,30.6,30.64,15.68,14.96,1.265,896,40,eff(/joint_states)
20260831_110134,1155,46.5,49.3,49.3,48.1,21.2,7.26,33.1,172.24,88.43,83.81,1.902,1040,277,eff(/joint_states)
20260831_112123,115,2.7,49.3,49.2,47.8,18.45,9.38,33.2,17.26,5.33,11.94,,913,29,eff(/joint_states)
20260831_112404,7133,109.0,49.3,49.2,47.5,20.25,5.35,33.4,630.88,149.38,481.50,1.370,990,413,eff(/joint_states)
20260831_132329,539,2.4,49.2,48.8,47.9,24.16,5.88,31.1,47.66,6.01,41.66,,1201,273,eff(/joint_states)
20260831_133829,1687,61.7,49.2,49.1,48.1,18.87,4.88,31.7,183.29,96.60,86.69,1.566,922,153,eff(/joint_states)
20260831_142914,1439,44.8,49.0,48.7,47.9,15.68,5.85,33.1,170.49,89.94,80.54,2.008,764,255,eff(/joint_states)
20260831_145337,8116,343.2,49.0,48.6,46.8,18.29,6.6,33.3,1020.16,464.06,556.10,1.352,887,215,eff(/joint_states)
20260831_170903,299,19.5,48.6,48.6,47.2,23.57,8.94,32.8,62.54,43.12,19.42,2.211,1141,157,eff(/joint_states)
20260914_130443,92,0.0,49.4,49.4,49.3,,6.0,6.0,7.53,0.00,7.53,,,0,eff(/joint_states)
20260914_130632,879,9.9,49.4,49.4,49.0,6.77,3.02,13.2,39.83,6.25,33.58,0.631,336,17,eff(/joint_states)
20260914_132122,41,0.0,49.3,49.4,49.3,,5.29,5.4,2.95,0.00,2.95,,,0,eff(/joint_states)
20260914_132208,130,10.8,49.4,49.4,48.9,5.66,5.58,15.8,9.91,0.05,9.86,0.005,,0,trq(/motor_torque)
20260914_132635,379,34.2,49.3,49.3,49.0,6.98,6.17,12.9,32.79,6.92,25.87,0.202,346,0,trq(/motor_torque)
20260914_133318,116,10.0,49.3,49.3,49.1,7.36,6.83,13.3,10.93,0.93,10.00,0.093,,0,trq(/motor_torque)
20260914_133608,344,20.2,49.3,49.3,49.0,6.8,5.54,14.4,26.70,3.46,23.25,0.171,337,0,trq(/motor_torque)
20260914_135551,210,17.3,49.3,49.3,48.6,12.22,12.11,25.8,34.74,5.12,29.62,0.296,594,0,trq(/motor_torque)
20260914_135931,428,3.2,49.3,49.3,48.5,8.79,3.93,14.9,23.03,0.04,22.99,,,0,trq(/motor_torque)
20260914_141019,278,7.1,49.4,49.3,48.9,6.78,3.15,17.9,13.10,2.09,11.01,0.294,327,0,trq(/motor_torque)
20260914_141522,740,21.7,49.3,49.3,49.0,7.79,4.04,16.0,43.25,4.85,38.40,0.224,380,0,trq(/motor_torque)
20260914_142824,94,9.2,49.3,49.3,48.1,6.91,5.5,16.5,7.04,0.03,7.01,0.003,,0,trq(/motor_torque)
20260914_143008,261,18.1,49.3,49.3,48.9,7.11,5.39,16.6,19.93,2.76,17.17,0.153,355,0,trq(/motor_torque)
20260914_143440,148,8.0,49.3,49.3,49.1,6.47,6.31,10.7,12.84,2.64,10.20,0.330,316,0,trq(/motor_torque)
20260914_143717,390,14.9,49.3,49.3,48.3,7.73,5.36,32.0,29.16,1.80,27.36,0.121,382,0,trq(/motor_torque)
20260914_144417,377,16.8,49.3,49.3,48.7,6.98,5.07,18.2,27.67,5.72,21.95,0.341,343,0,trq(/motor_torque)
20260914_145045,2138,20.6,49.3,49.3,48.5,6.76,2.05,14.2,61.75,2.71,59.05,0.131,336,0,trq(/motor_torque)
20260914_152631,1129,0.0,49.3,49.3,49.3,,1.17,1.2,18.02,0.00,18.02,,,0,eff(/joint_states)
20260915_152510,45,0.0,49.1,49.0,49.0,,0.0,0.0,0.00,0.00,0.00,,,0,eff(/joint_states)
20260915_154849,7100,13.5,49.0,48.9,48.0,13.41,10.53,33.2,1019.70,18.98,1000.72,1.406,651,0,eff(/joint_states)
20260915_174727,93,4.7,48.9,48.9,48.6,7.06,6.02,14.0,7.69,0.92,6.77,,333,0,trq(/motor_torque)
20260915_174945,1547,15.5,48.9,48.9,48.4,9.12,1.37,25.0,31.48,3.34,28.14,0.215,445,0,trq(/motor_torque)
20260915_181556,117,7.0,48.9,48.8,48.6,8.63,5.72,14.7,9.77,2.14,7.63,0.306,429,0,trq(/motor_torque)
20260915_181802,371,17.8,48.8,48.8,48.4,6.86,4.97,16.7,26.12,4.21,21.91,0.236,337,0,trq(/motor_torque)
20260915_182646,149,3.5,48.8,48.8,48.4,6.67,2.95,11.9,7.05,1.94,5.11,,318,0,trq(/motor_torque)
20260915_182945,38,0.2,48.9,48.8,48.7,7.02,3.62,8.8,1.88,0.03,1.85,,,0,trq(/motor_torque)
20260915_183041,669,12.3,48.8,48.8,48.4,10.51,5.86,19.3,50.71,4.97,45.74,0.404,511,0,trq(/motor_torque)
20260916_120058,126,11.6,48.4,48.4,48.0,6.98,5.96,11.7,10.29,1.56,8.73,0.135,331,0,trq(/motor_torque)
20260916_120314,91,8.4,48.4,48.4,47.5,6.78,5.25,14.6,7.02,2.60,4.42,0.310,323,0,trq(/motor_torque)
20260916_120455,302,41.6,48.4,48.4,47.7,7.65,5.65,16.4,23.80,3.86,19.94,0.093,365,0,trq(/motor_torque)
20260916_133415,62,0.0,48.4,48.4,48.4,,0.0,0.0,0.00,0.00,0.00,,,0,trq(/motor_torque)
20260916_133526,1492,6.5,48.4,48.2,48.1,7.29,2.06,11.1,42.56,1.78,40.78,0.274,356,0,trq(/motor_torque)
20260916_140028,4479,5.1,48.3,48.1,47.7,6.05,1.95,12.2,117.14,0.16,116.97,0.032,,0,trq(/motor_torque)
20260916_151634,184,17.4,48.1,48.1,47.8,6.98,6.68,15.1,16.54,4.62,11.92,0.265,332,0,trq(/motor_torque)
20260916_151956,1220,69.5,48.1,48.1,47.7,7.09,5.27,14.0,87.48,7.25,80.23,0.104,339,0,trq(/motor_torque)
20260916_154204,3307,16.5,48.1,48.1,46.7,6.88,2.05,20.3,91.58,1.75,89.83,0.106,333,0,trq(/motor_torque)
20260916_165922,1089,89.3,48.0,48.0,47.6,7.29,5.35,13.2,82.26,18.04,64.22,0.202,349,0,trq(/motor_torque)
20260916_172637,699,17.6,48.0,47.9,47.4,7.7,2.51,21.4,31.61,12.29,19.32,0.699,369,239,eff(/joint_states)
20260916_173822,341,15.6,47.9,47.9,47.5,7.98,4.05,19.6,22.90,9.32,13.58,0.597,381,247,eff(/joint_states)
20260916_174707,120,8.4,47.9,47.9,47.5,8.0,3.13,18.0,8.92,6.47,2.44,0.771,382,108,eff(/joint_states)
20260916_180316,397,11.2,47.8,47.7,47.4,8.23,8.2,16.8,43.15,10.87,32.29,0.970,391,56,eff(/joint_states)
20260916_181000,181,3.1,47.6,47.7,47.4,6.88,4.61,11.5,11.65,1.77,9.88,,336,17,eff(/joint_states)
20260916_181336,358,24.0,47.7,47.6,46.9,8.13,6.9,20.4,35.12,17.20,17.92,0.716,387,235,eff(/joint_states)
20260916_182528,246,18.3,47.5,47.4,47.0,7.87,5.43,16.3,21.18,11.82,9.36,0.646,373,202,eff(/joint_states)
20260916_182940,404,21.7,47.4,47.2,46.7,8.21,6.53,21.8,37.16,13.01,24.15,0.599,387,353,eff(/joint_states)
20260916_183630,526,37.1,47.2,47.1,46.6,7.86,5.8,19.9,45.87,23.14,22.73,0.624,369,368,eff(/joint_states)
20260916_184959,341,29.5,47.0,46.8,46.4,8.83,7.22,32.6,35.44,19.30,16.14,0.654,413,181,eff(/joint_states)
20260916_190117,402,32.2,46.7,46.5,46.2,7.98,5.72,18.9,34.89,18.30,16.59,0.568,370,277,eff(/joint_states)
20260916_190859,705,10.2,46.5,46.2,46.2,7.81,4.14,12.8,40.05,5.34,34.70,0.524,363,45,eff(/joint_states)
20260916_192058,288,14.1,46.2,46.2,45.6,11.23,4.99,29.8,24.24,10.51,13.73,0.745,518,143,eff(/joint_states)
20260917_134122,12846,0.0,50.1,49.9,49.8,,0.0,0.0,0.00,0.00,0.00,,,0,eff(/joint_states)
20260917_171535,592,0.0,49.9,49.8,49.8,,0.0,0.0,0.00,0.00,0.00,,,0,eff(/joint_states)
20260917_172532,2500,0.0,49.8,49.7,49.7,,0.0,0.0,0.00,0.00,0.00,,,0,trq(/motor_torque)
20260918_110049,209,7.3,50.1,50.1,49.9,6.68,2.87,9.7,9.17,1.47,7.71,0.201,330,0,trq(/motor_torque)
20260918_110426,644,67.9,50.1,50.1,49.7,7.6,7.32,25.3,65.92,13.30,52.62,0.196,380,0,trq(/motor_torque)
20260918_111518,7832,140.0,50.1,50.1,49.4,7.28,2.81,14.9,323.24,28.56,294.68,0.204,365,0,trq(/motor_torque)
20260918_132741,60,0.0,50.0,50.1,50.0,,2.1,2.1,1.76,0.00,1.76,,,0,eff(/joint_states)
20260918_132850,295,20.9,50.1,50.1,49.6,8.12,5.45,18.5,26.67,13.21,13.46,0.632,406,186,eff(/joint_states)
20260918_133349,470,44.0,50.1,50.1,49.5,7.28,6.27,15.4,42.02,7.61,34.41,0.173,365,0,trq(/motor_torque)
20260918_134222,377,30.1,50.1,50.1,49.7,6.8,6.06,17.4,32.29,5.41,26.88,0.180,341,0,trq(/motor_torque)
20260918_134850,895,93.2,50.1,50.1,49.7,7.0,6.86,15.2,85.53,14.61,70.92,0.157,351,0,trq(/motor_torque)
20260918_140446,85,0.0,50.1,50.1,50.1,,1.61,1.7,1.91,0.00,1.91,,,0,trq(/motor_torque)
20260918_140621,424,26.4,50.1,50.1,49.8,7.81,5.33,16.8,36.30,15.62,20.68,0.592,393,227,eff(/joint_states)
20260918_141459,213,0.1,50.1,50.1,50.0,6.29,2.24,13.5,6.69,0.12,6.57,,,0,eff(/joint_states)
20260918_141940,366,21.2,50.1,50.1,49.6,9.04,7.28,27.1,40.44,17.52,22.91,0.827,451,236,eff(/joint_states)
20260918_143008,1000,0.0,50.1,50.1,50.1,,4.5,4.5,62.63,0.00,62.63,,,25,eff(/joint_states)
20260918_144653,59,0.0,50.1,50.1,50.1,,4.5,4.5,3.67,0.00,3.67,,,0,trq(/motor_torque)
20260918_145302,649,12.5,50.1,50.1,49.7,11.64,4.9,33.4,53.56,16.20,37.36,1.296,583,448,eff(/joint_states)
20260918_150814,187,0.0,50.1,50.1,50.1,,2.3,2.3,5.99,0.00,5.99,,,0,eff(/joint_states)
20260918_151126,216,15.0,50.1,50.1,49.8,8.11,4.99,19.1,19.09,10.67,8.42,0.711,404,133,eff(/joint_states)
20260918_151638,270,0.0,50.1,50.1,50.1,,6.0,6.0,22.54,0.00,22.54,,,32,eff(/joint_states)
20260918_152119,770,49.5,50.1,50.1,49.8,7.98,5.38,14.3,68.19,32.60,35.59,0.659,399,331,eff(/joint_states)
20260918_153450,339,2.1,50.1,50.1,49.5,19.69,5.83,29.4,28.22,1.12,27.09,,,0,trq(/motor_torque)
20260918_154100,364,3.8,50.1,50.1,49.9,7.7,6.51,16.4,33.30,2.23,31.07,,382,0,eff(/joint_states)
20260918_154752,48,0.0,50.1,50.1,50.1,,6.1,6.1,4.06,0.00,4.06,,,0,eff(/joint_states)
20260918_154850,447,23.3,50.1,50.1,49.8,7.31,5.7,13.6,38.52,14.30,24.22,0.614,365,142,eff(/joint_states)
20260918_160635,1021,45.8,50.1,50.1,49.7,7.13,5.65,13.1,82.26,9.60,72.66,0.210,356,0,trq(/motor_torque)
20260918_162458,594,64.7,50.1,50.0,49.7,6.97,6.93,24.7,57.16,12.22,44.95,0.189,349,0,trq(/motor_torque)
20260918_163501,893,1.5,50.1,50.1,49.3,10.44,2.43,12.1,30.72,0.69,30.03,,,0,trq(/motor_torque)
20260918_165040,322,31.0,50.1,50.1,49.8,7.2,7.74,18.1,34.28,4.75,29.54,0.153,356,0,trq(/motor_torque)
20260918_165617,2890,51.6,50.1,50.1,49.5,7.35,3.33,23.6,141.65,14.64,127.01,0.284,369,0,trq(/motor_torque)
