sesi,tanggal,baris,durasi_s,jarak_m,n_bat,bat_awal_v,bat_akhir_v,bat_min_v,bat_maks_v,bat_rata_v,i_rata_a,i_maks_a,i_rata_gerak_a,i_rata_diam_a,detik_gerak,detik_diam,p_rata_w,energi_wh,energi_gerak_wh,energi_diam_wh,detik_otonom,sumber_arus
20260811_200246,20260811,6216,124,0.0,0,,,,,,,0.00,,,0,0,,0.000,0.000,0.000,0,
20260811_204937,20260811,33200,664,0.3,33196,48.60,48.60,47.50,48.60,48.60,5.45,10.30,3.29,5.46,2,662,264.8,48.840,0.097,48.743,0,trq(/motor_torque)
20260811_210638,20260811,33966,679,2.1,33962,48.60,48.60,48.40,48.60,48.59,1.17,3.10,2.68,1.17,1,678,57.0,10.749,0.030,10.719,0,trq(/motor_torque)
20260811_211801,20260811,30901,618,7981.5,30894,48.60,48.60,48.10,48.60,48.57,1.40,1.40,1.40,1.40,3,615,68.0,11.671,0.061,11.610,0,trq(/motor_torque)
20260811_214051,20260811,9844,197,8.9,9843,48.50,48.10,47.40,48.90,48.16,20.36,33.20,15.21,20.80,16,181,978.9,53.526,3.192,50.334,0,trq(/motor_torque)
20260811_230451,20260811,44038,881,40.0,43185,48.40,48.20,27.80,49.00,48.11,6.66,32.90,16.23,6.36,27,853,319.7,78.225,5.858,72.368,0,trq(/motor_torque)
20260811_234357,20260811,25809,516,3.5,25806,48.10,48.10,48.00,48.20,48.12,5.16,17.20,13.74,5.15,0,516,248.1,35.572,0.062,35.510,0,trq(/motor_torque)
20260812_003439,20260812,35752,715,2.3,35054,48.10,48.10,46.30,48.90,48.10,1.84,17.90,7.12,1.81,4,711,88.2,17.512,0.335,17.177,0,eff(/joint_states)
20260812_005240,20260812,4724,94,0.0,0,,,,,,0.00,0.00,,0.00,0,94,,0.000,0.000,0.000,0,eff(/joint_states)
20260812_005422,20260812,491,10,0.0,0,,,,,,0.00,0.00,,0.00,0,10,,0.000,0.000,0.000,0,eff(/joint_states)
20260812_005957,20260812,28797,576,4008.1,28786,48.10,48.00,46.60,48.40,47.87,14.39,33.00,23.12,13.18,70,506,686.8,109.872,21.492,88.380,0,trq(/motor_torque)
20260812_010139,20260812,20206,404,33.0,20205,48.10,48.00,46.60,48.40,47.79,20.23,33.00,23.17,19.49,80,324,965.4,108.372,24.723,83.649,0,trq(/motor_torque)
20260812_010828,20260812,542,11,3962.8,541,48.00,48.00,48.00,48.00,48.00,1.60,1.60,,1.60,0,11,76.8,0.230,0.000,0.230,0,trq(/motor_torque)
20260812_011028,20260812,757,15,0.2,756,48.00,48.00,47.70,48.10,48.02,1.83,6.90,3.78,1.69,1,14,87.9,0.369,0.050,0.319,0,trq(/motor_torque)
20260812_011120,20260812,15943,319,28.5,15177,48.00,47.80,47.00,48.60,47.81,16.34,30.90,13.74,16.90,56,262,780.0,69.078,10.295,58.783,0,eff(/joint_states)
20260812_011713,20260812,43776,876,13.4,43308,48.00,47.70,47.10,48.10,47.74,24.94,33.30,21.94,25.16,59,817,1190.0,289.395,17.096,272.299,0,eff(/joint_states)
20260812_141856,20260812,13759,275,0.0,13751,47.10,47.00,46.90,47.10,47.04,0.00,0.00,,0.00,0,275,,0.000,0.000,0.000,0,trq(/motor_torque)
20260812_143451,20260812,4332,87,0.0,4326,46.80,46.70,46.70,46.80,46.77,5.10,5.10,,5.10,0,87,238.3,5.733,0.000,5.733,0,trq(/motor_torque)
20260812_153614,20260812,3648,73,0.0,3647,45.40,45.30,45.30,45.40,45.38,2.10,2.10,,2.10,0,73,95.3,1.931,0.000,1.931,0,trq(/motor_torque)
20260812_161638,20260812,10137,203,0.0,10129,43.90,43.80,43.70,44.00,43.83,4.09,4.10,,4.09,0,203,179.1,10.087,0.000,10.087,0,trq(/motor_torque)
20260812_165547,20260812,5837,117,5.2,5828,43.20,43.00,42.50,43.20,43.08,3.87,23.20,4.59,3.85,4,113,166.2,5.389,0.192,5.197,0,trq(/motor_torque)
20260812_165849,20260812,24920,498,0.0,24915,43.00,42.40,42.40,43.00,42.71,0.00,0.00,,0.00,0,498,,0.000,0.000,0.000,0,trq(/motor_torque)
20260812_170720,20260812,3829,77,2.9,3820,42.40,42.40,25.50,43.10,41.69,1.66,14.70,4.69,1.60,2,75,70.0,1.489,0.084,1.405,0,trq(/motor_torque)
20260813_112738,20260813,803975,16079,0.0,799045,49.70,50.10,49.70,50.40,50.09,0.00,0.00,,0.00,0,15981,,0.000,0.000,0.000,0,trq(/motor_torque)
20260813_160002,20260813,7947,159,0.0,7942,50.10,50.10,50.00,50.10,50.10,0.00,0.00,,0.00,0,159,,0.000,0.000,0.000,0,trq(/motor_torque)
20260813_160248,20260813,23882,478,31.0,23877,50.10,50.10,49.10,50.80,49.85,20.03,33.10,20.70,19.89,81,397,997.1,132.289,23.057,109.233,0,trq(/motor_torque)
20260813_161121,20260813,13267,265,9.2,13259,50.10,50.00,49.10,50.80,49.94,19.56,29.50,22.84,18.91,44,222,975.5,71.889,13.788,58.101,0,trq(/motor_torque)
20260813_161611,20260813,44681,894,66.9,44680,50.10,50.00,49.00,50.70,49.88,18.39,33.20,19.62,18.11,169,725,916.7,227.533,45.852,181.681,0,trq(/motor_torque)
20260813_163141,20260813,990,20,0.0,982,50.00,50.00,50.00,50.10,50.01,0.00,0.00,,0.00,0,20,,0.000,0.000,0.000,0,trq(/motor_torque)
20260813_163208,20260813,136974,2739,67.5,136970,50.00,50.10,48.90,50.70,50.02,7.58,33.10,15.40,7.13,148,2592,378.4,287.915,31.487,256.428,0,trq(/motor_torque)
20260813_173609,20260813,1448,29,0.0,520,49.60,50.10,49.60,50.10,50.04,0.00,0.00,,0.00,0,10,,0.000,0.000,0.000,0,trq(/motor_torque)
20260813_173643,20260813,2369,47,0.0,2367,50.10,50.10,50.00,50.10,50.09,0.00,0.00,,0.00,0,47,,0.000,0.000,0.000,0,trq(/motor_torque)
20260813_173738,20260813,142595,2852,93.1,142591,50.10,50.00,48.80,50.70,49.99,14.57,33.40,14.42,14.59,241,2611,727.9,576.647,48.088,528.559,0,trq(/motor_torque)
20260813_201126,20260813,65533,1311,75.0,65529,50.00,49.90,48.80,50.50,49.82,13.98,33.40,18.38,13.28,179,1132,695.2,253.114,45.446,207.668,0,trq(/motor_torque)
20260814_104716,20260814,14610,292,0.0,7166,49.10,49.60,49.00,49.80,49.59,0.00,0.00,,0.00,0,143,,0.000,0.000,0.000,0,trq(/motor_torque)
20260814_110525,20260814,4448,89,0.0,4448,49.50,49.50,49.50,49.60,49.50,0.00,0.00,,0.00,0,89,,0.000,0.000,0.000,0,eff(/joint_states)
20260814_111347,20260814,14153,283,0.0,14152,49.50,49.50,49.50,49.60,49.50,0.00,0.00,,0.00,0,283,,0.000,0.000,0.000,0,eff(/joint_states)
20260814_112537,20260814,50556,1011,2.1,50551,49.50,49.60,48.70,49.60,49.56,0.00,0.00,0.00,0.00,11,1000,,0.000,0.000,0.000,0,eff(/joint_states)
20260814_114246,20260814,17293,346,1.0,17289,49.60,49.60,49.00,49.60,49.58,1.60,8.60,3.81,1.56,6,340,79.4,7.627,0.311,7.316,0,eff(/joint_states)
20260814_135126,20260814,44112,882,6.4,38208,49.60,49.60,48.10,49.70,49.44,7.65,33.40,20.26,6.73,52,712,326.7,80.060,14.494,65.567,0,eff(/joint_states)
20260814_141527,20260814,8827,177,7.0,8812,49.60,49.50,47.90,49.80,49.44,4.93,29.90,16.98,2.87,26,151,242.0,11.866,5.965,5.901,0,eff(/joint_states)
20260814_142008,20260814,40165,803,0.0,40154,49.50,49.60,49.00,49.60,49.51,0.20,33.00,12.30,0.20,0,803,9.8,2.196,0.041,2.156,9,eff(/joint_states)
20260814_143401,20260814,17497,350,5.0,17496,49.50,49.50,48.00,49.70,49.49,4.91,31.60,19.43,3.04,40,310,241.9,23.511,10.589,12.922,2,eff(/joint_states)
20260814_143959,20260814,18100,362,1.0,18090,49.50,49.50,48.60,49.60,49.49,10.17,31.80,21.67,9.97,6,356,503.0,50.578,1.792,48.785,10,eff(/joint_states)
20260814_150229,20260814,4743,95,1.0,4740,49.60,49.60,49.30,49.60,49.59,0.55,7.90,3.99,0.35,5,90,27.2,0.716,0.285,0.431,0,eff(/joint_states)
20260814_150428,20260814,19645,393,0.2,19638,49.50,49.60,48.80,49.80,49.60,1.27,12.30,4.15,1.26,1,391,62.9,6.868,0.081,6.787,0,eff(/joint_states)
20260814_151318,20260814,53490,1070,1.5,53489,49.60,49.60,48.60,49.70,49.58,1.86,31.30,9.51,1.82,6,1064,92.0,27.352,0.768,26.584,0,eff(/joint_states)
20260814_153319,20260814,8105,162,0.7,8096,49.60,49.60,49.00,49.80,49.59,1.37,17.10,2.96,1.23,14,148,68.1,3.064,0.553,2.511,0,eff(/joint_states)
20260814_153840,20260814,5020,100,0.2,5013,49.60,49.60,49.20,49.60,49.60,1.50,9.20,4.25,1.44,2,98,74.5,2.076,0.121,1.955,0,eff(/joint_states)
20260814_154219,20260814,11161,223,1.8,11154,49.60,49.60,49.20,49.70,49.60,2.53,8.30,2.69,2.32,129,94,125.6,7.789,4.789,3.000,0,eff(/joint_states)
20260814_154753,20260814,13759,275,0.4,13746,49.50,49.60,48.60,49.80,49.59,2.97,12.60,3.69,2.96,3,272,146.9,11.231,0.165,11.066,0,eff(/joint_states)
20260814_155434,20260814,15627,313,2.2,15608,49.50,49.50,48.20,49.90,49.47,2.38,32.20,20.07,1.56,14,298,116.9,10.152,3.762,6.390,0,eff(/joint_states)
20260814_160143,20260814,14894,298,3.4,14889,49.60,49.50,48.50,49.70,49.56,3.67,32.30,12.47,3.43,8,290,181.2,14.990,1.365,13.625,0,trq(/motor_torque)
20260814_160654,20260814,684,14,0.0,674,49.60,49.60,49.60,49.60,49.60,0.00,0.00,,0.00,0,14,,0.000,0.000,0.000,0,trq(/motor_torque)
20260814_160848,20260814,25805,516,9.2,25797,49.60,49.60,48.30,49.70,49.53,2.75,33.00,18.34,1.79,30,486,135.3,19.399,7.522,11.877,0,trq(/motor_torque)
20260814_161752,20260814,8647,173,0.0,8638,49.60,49.60,49.50,49.60,49.60,0.00,0.00,,0.00,0,173,,0.000,0.000,0.000,0,eff(/joint_states)
20260814_162056,20260814,23047,461,13.4,23018,49.60,49.50,48.10,50.00,49.48,6.33,33.00,15.58,3.56,106,354,312.0,39.945,22.677,17.268,31,eff(/joint_states)
20260814_162853,20260814,4706,94,0.0,0,,,,,,,0.00,,,0,0,,0.000,0.000,0.000,0,
20260814_163959,20260814,26550,531,6.8,26544,49.50,49.50,47.80,49.70,49.45,5.36,33.20,16.52,5.08,13,518,264.1,38.952,2.941,36.011,11,eff(/joint_states)
20260814_165647,20260814,41645,833,0.3,41615,49.50,49.50,48.80,49.60,49.49,2.49,32.90,12.04,2.45,3,829,122.7,28.397,0.542,27.855,22,eff(/joint_states)
20260814_171125,20260814,74289,1486,7.6,74288,49.50,49.50,48.90,49.60,49.49,0.92,29.50,16.63,0.39,48,1437,45.5,18.776,11.018,7.758,0,eff(/joint_states)
20260814_174134,20260814,24755,495,1.6,24737,49.50,49.50,49.00,49.60,49.48,3.48,33.40,5.87,3.41,13,481,171.7,23.613,1.072,22.541,19,eff(/joint_states)
20260814_174953,20260814,10114,202,9.2,10086,49.50,49.40,48.80,49.60,49.38,8.06,28.40,16.70,5.79,42,160,395.7,22.233,9.591,12.642,70,eff(/joint_states)
20260814_181111,20260814,62700,1254,2.9,62645,49.60,49.50,48.90,50.00,49.50,4.53,27.60,13.64,4.40,17,1236,223.9,77.985,3.118,74.868,9,eff(/joint_states)
20260818_164632,20260818,3730,75,0.0,0,,,,,,,0.00,,,0,0,,0.000,0.000,0.000,0,
20260818_164810,20260818,431,9,0.0,0,,,,,,,0.00,,,0,0,,0.000,0.000,0.000,0,
20260818_174146,20260818,23791,476,0.0,0,,,,,,,0.00,,,0,0,,0.000,0.000,0.000,0,
20260818_174949,20260818,1255,25,0.0,1250,50.20,50.30,50.10,50.50,50.26,0.00,0.00,,0.00,0,25,,0.000,0.000,0.000,0,trq(/motor_torque)
20260818_175029,20260818,7850,157,0.0,7849,50.20,50.10,49.70,50.50,50.22,0.00,0.00,,0.00,0,157,,0.000,0.000,0.000,0,eff(/joint_states)
20260818_175753,20260818,5585,112,0.0,0,,,,,,,0.00,,,0,0,,0.000,0.000,0.000,0,
20260818_175948,20260818,11331,227,14.9,11323,50.30,50.20,48.80,51.20,50.08,14.78,33.00,19.45,13.74,41,185,738.5,46.483,11.123,35.360,0,trq(/motor_torque)
20260818_180342,20260818,14900,298,0.0,14896,50.10,50.10,50.10,50.20,50.12,6.46,10.00,,6.46,0,298,323.7,26.793,0.000,26.793,0,trq(/motor_torque)
20260818_180843,20260818,6660,133,0.0,6653,50.10,50.10,50.10,50.20,50.11,0.00,0.00,,0.00,0,133,,0.000,0.000,0.000,0,trq(/motor_torque)
20260818_181102,20260818,9126,182,0.0,0,,,,,,,0.00,,,0,0,,0.000,0.000,0.000,0,
20260818_181457,20260818,15024,300,0.0,0,,,,,,,0.00,,,0,0,,0.000,0.000,0.000,0,
20260818_182003,20260818,28536,571,3135.6,28524,50.10,50.10,50.00,50.20,50.10,0.06,7.90,5.72,0.06,0,570,3.1,0.492,0.029,0.464,2,trq(/motor_torque)
20260818_182228,20260818,1395,28,413.6,1394,50.10,50.10,50.10,50.10,50.10,0.00,0.00,,0.00,0,28,,0.000,0.000,0.000,0,trq(/motor_torque)
20260818_182630,20260818,112050,2241,2832.1,112020,50.10,49.90,48.30,50.70,49.87,0.00,0.00,0.00,0.00,637,1604,,0.000,0.000,0.000,733,trq(/motor_torque)
20260818_182940,20260818,102565,2051,118.6,102540,50.10,49.90,48.30,50.70,49.85,10.92,33.40,19.93,6.68,656,1395,542.7,309.249,180.458,128.791,669,eff(/joint_states)
20260818_183010,20260818,101050,2021,118.6,101005,50.10,49.90,48.30,50.70,49.85,11.08,33.40,19.93,7.30,606,1414,550.9,309.251,166.567,142.684,670,eff(/joint_states)
20260818_183139,20260818,96615,1932,118.6,96597,50.10,49.90,48.30,50.70,49.84,11.59,33.40,19.92,7.36,651,1281,576.1,309.240,179.193,130.047,639,eff(/joint_states)
20260818_184250,20260818,63100,1262,66.6,63071,49.90,49.90,48.30,50.70,49.81,10.48,33.00,19.49,7.21,336,926,520.6,182.501,90.104,92.397,333,eff(/joint_states)
20260818_190356,20260818,2750,55,0.0,0,,,,,,,0.00,,,0,0,,0.000,0.000,0.000,0,
20260818_190454,20260818,54070,1081,25.1,49316,49.30,49.80,48.40,50.80,49.72,6.45,33.40,18.46,4.99,108,882,292.6,87.881,27.234,60.647,0,eff(/joint_states)
20260818_192300,20260818,4216,84,0.0,4215,49.70,49.70,49.70,49.80,49.72,13.40,13.40,,13.40,0,84,665.8,15.592,0.000,15.592,30,eff(/joint_states)
20260818_192429,20260818,139597,2792,77.7,139573,49.70,49.70,48.10,50.50,49.65,6.87,33.30,21.65,3.63,502,2289,340.2,263.799,149.440,114.359,603,eff(/joint_states)
20260819_130935,20260819,35350,707,42.3,35349,50.10,50.00,47.90,50.70,49.85,14.23,33.30,21.69,10.40,240,467,707.3,138.891,71.754,67.137,0,eff(/joint_states)
20260819_132126,20260819,42967,859,47.5,42959,50.00,50.00,48.50,51.00,49.96,13.48,33.00,21.08,10.56,239,620,672.6,160.540,69.680,90.859,521,eff(/joint_states)
20260819_133550,20260819,1818,36,0.9,1798,50.10,50.10,48.60,50.60,50.00,5.30,28.00,16.95,3.66,4,32,262.1,2.650,1.051,1.599,0,eff(/joint_states)
20260819_133630,20260819,34532,691,46.1,34517,50.10,50.10,48.30,50.30,49.95,11.39,30.30,20.29,7.92,193,497,567.4,108.840,54.298,54.542,326,eff(/joint_states)
20260819_134805,20260819,124116,2482,15.2,124015,50.10,48.10,48.10,50.40,49.61,0.89,31.60,4.85,0.82,41,2439,44.4,30.618,2.759,27.858,0,eff(/joint_states)
20260819_143328,20260819,26850,537,0.0,0,,,,,,,0.00,,,0,0,,0.000,0.000,0.000,0,
20260819_144232,20260819,11950,239,0.0,0,,,,,,,0.00,,,0,0,,0.000,0.000,0.000,0,
20260819_144806,20260819,7800,156,0.0,1735,49.70,50.10,49.60,50.40,50.09,0.00,0.00,,0.00,0,35,,0.000,0.000,0.000,0,eff(/joint_states)
20260819_145058,20260819,25586,512,0.2,25578,50.10,50.10,49.60,50.40,50.10,3.34,11.70,3.46,3.34,2,510,167.1,23.746,0.091,23.655,0,eff(/joint_states)
20260819_145936,20260819,30168,603,5.7,30167,50.10,50.00,49.10,50.30,50.06,6.59,32.40,19.38,5.50,47,556,329.1,55.157,12.662,42.496,0,eff(/joint_states)
20260819_150950,20260819,9500,190,11.3,9494,50.00,50.10,48.50,50.70,49.90,14.38,33.10,18.35,11.79,75,115,716.1,37.790,19.061,18.728,0,eff(/joint_states)
20260819_151310,20260819,62417,1248,90.6,62382,50.00,50.10,49.10,50.70,49.90,15.45,33.10,22.74,10.36,512,735,769.1,266.678,161.281,105.397,773,eff(/joint_states)
20260819_153505,20260819,107130,2143,102.3,107091,50.10,50.10,49.00,50.80,49.96,10.69,32.70,22.76,5.59,637,1505,532.5,316.951,200.488,116.464,1032,eff(/joint_states)
20260819_163152,20260819,6390,128,0.0,6320,50.10,50.10,50.00,50.10,50.10,8.50,8.50,,8.50,0,126,421.3,14.952,0.000,14.952,0,eff(/joint_states)
20260819_170541,20260819,11744,235,0.0,4166,49.70,50.10,49.60,50.50,50.10,0.00,0.00,,0.00,0,83,,0.000,0.000,0.000,0,eff(/joint_states)
20260819_170940,20260819,450,9,0.0,445,50.10,50.10,50.10,50.20,50.10,0.00,0.00,,0.00,0,9,,0.000,0.000,0.000,0,eff(/joint_states)
20260819_170954,20260819,622,12,0.0,615,50.10,50.10,50.10,50.20,50.10,0.00,0.00,,0.00,0,12,,0.000,0.000,0.000,0,eff(/joint_states)
20260819_171028,20260819,36039,721,39.5,36034,50.10,49.70,48.50,50.70,49.99,10.01,33.10,20.42,5.80,208,513,499.3,99.957,58.662,41.295,301,eff(/joint_states)
20260819_172303,20260819,85650,1713,61.1,85627,50.10,50.00,48.90,50.40,50.01,7.76,33.10,20.83,4.42,348,1364,386.7,183.988,100.413,83.575,563,eff(/joint_states)
20260820_141626,20260820,11165,223,3.7,11156,49.60,49.60,49.10,49.60,49.58,3.44,25.10,6.15,3.13,23,200,170.5,10.575,1.975,8.600,6,eff(/joint_states)
20260820_142013,20260820,16168,323,0.9,16135,49.50,49.60,49.10,49.60,49.59,5.20,8.20,6.34,5.17,6,317,257.2,23.099,0.523,22.575,0,eff(/joint_states)
20260820_142601,20260820,9215,184,6.8,9194,49.50,49.60,48.00,50.60,49.55,3.65,29.30,6.31,2.99,37,147,180.5,9.237,3.188,6.049,46,eff(/joint_states)
20260820_142932,20260820,30232,605,51.4,30221,49.60,49.60,48.10,50.10,49.40,16.01,33.20,21.10,11.67,278,327,789.1,132.536,80.309,52.227,372,eff(/joint_states)
20260820_144010,20260820,4068,81,0.9,4066,49.60,49.60,48.70,49.70,49.53,4.23,28.90,18.96,1.90,11,70,208.6,4.712,2.880,1.833,0,eff(/joint_states)
20260820_144151,20260820,1420,28,0.0,1415,49.60,49.60,49.60,49.60,49.60,0.00,0.00,,0.00,0,28,,0.000,0.000,0.000,0,eff(/joint_states)
20260820_144224,20260820,3100,62,0.0,3100,49.60,49.60,49.60,49.60,49.60,0.00,0.00,,0.00,0,62,,0.000,0.000,0.000,0,eff(/joint_states)
20260820_144351,20260820,9318,186,6.8,9317,49.60,49.60,48.40,49.70,49.49,9.30,30.20,16.38,7.22,42,144,459.1,23.764,9.438,14.326,0,eff(/joint_states)
20260820_144709,20260820,43664,873,80.0,43658,49.60,49.50,47.80,50.10,49.38,13.62,32.00,18.05,10.28,376,497,671.5,162.882,92.899,69.983,533,eff(/joint_states)
20260820_150216,20260820,77350,1547,73.6,77281,49.50,49.60,47.60,50.20,49.43,10.95,33.40,20.31,7.82,387,1158,539.4,231.772,107.563,124.209,568,eff(/joint_states)
20260820_152810,20260820,1400,28,0.0,1183,49.00,49.60,49.00,49.60,49.57,0.00,0.00,,0.00,0,24,,0.000,0.000,0.000,0,eff(/joint_states)
20260820_152844,20260820,16267,325,9.7,16228,49.60,49.60,48.80,49.70,49.53,5.79,29.50,14.38,4.00,56,269,285.7,25.814,11.031,14.783,0,eff(/joint_states)
20260820_153416,20260820,60600,1212,23.5,60599,49.60,49.50,48.90,50.00,49.47,9.96,30.30,17.51,9.09,124,1088,492.3,165.723,29.862,135.861,100,eff(/joint_states)
20260820_155549,20260820,96765,1935,149.7,96761,49.50,49.40,48.40,50.60,49.29,18.26,32.60,22.74,13.79,966,969,898.7,483.128,300.306,182.822,1580,eff(/joint_states)
20260820_163345,20260820,13485,270,5.5,13423,49.50,49.50,49.10,49.70,49.44,14.22,27.90,15.88,14.02,29,240,699.5,52.402,6.218,46.184,0,eff(/joint_states)
20260820_163821,20260820,3800,76,3.8,3799,49.40,49.50,48.90,49.60,49.42,11.41,29.90,14.01,10.41,21,55,563.2,11.886,4.047,7.838,0,eff(/joint_states)
20260820_163944,20260820,105682,2114,120.5,105676,49.50,49.50,48.30,50.30,49.38,9.72,30.10,16.54,6.65,656,1458,478.7,281.025,148.247,132.779,1071,eff(/joint_states)
20260820_171616,20260820,18663,373,16.4,18652,49.50,49.50,48.60,50.20,49.41,6.68,31.60,16.62,3.59,88,285,328.5,34.060,20.060,14.000,110,eff(/joint_states)
20260820_172236,20260820,50882,1018,29.5,50881,49.50,49.50,48.60,50.00,49.44,4.99,30.80,16.83,2.64,168,849,245.7,69.452,38.743,30.710,241,eff(/joint_states)
20260820_173954,20260820,25616,512,19.3,25549,49.50,49.50,47.90,50.00,49.43,5.65,31.40,16.39,3.21,94,417,277.4,39.478,21.200,18.278,109,eff(/joint_states)
20260820_174833,20260820,22932,459,31.5,22931,49.50,49.50,47.80,50.30,49.34,11.35,31.90,18.07,7.58,165,294,558.6,71.160,40.728,30.432,219,eff(/joint_states)
20260820_175619,20260820,37050,741,0.0,37049,49.50,49.50,49.50,49.60,49.50,0.00,0.00,,0.00,0,741,,0.000,0.000,0.000,0,eff(/joint_states)
20260820_180846,20260820,24700,494,24.9,24658,49.50,49.50,48.40,50.00,49.39,8.46,32.60,16.61,5.44,134,360,415.8,57.055,30.313,26.741,184,eff(/joint_states)
20260821_095708,20260821,25,0,0.0,24,50.10,50.10,50.10,50.10,50.10,0.00,0.00,,0.00,0,0,,0.000,0.000,0.000,0,eff(/joint_states)
20260821_095712,20260821,1000,20,0.0,999,50.10,50.10,50.00,50.20,50.10,0.00,0.00,,0.00,0,20,,0.000,0.000,0.000,0,eff(/joint_states)
20260821_100004,20260821,50374,1007,0.0,50370,50.10,50.10,50.00,50.10,50.10,0.00,0.00,,0.00,0,1007,,0.000,0.000,0.000,0,eff(/joint_states)
20260821_101658,20260821,51000,1020,0.0,50997,50.10,50.10,50.00,50.10,50.10,0.00,0.00,,0.00,0,1020,,0.000,0.000,0.000,0,eff(/joint_states)
20260821_103404,20260821,35015,700,0.4,35013,50.10,50.10,50.00,50.10,50.10,0.21,6.00,3.95,0.18,7,694,10.7,2.081,0.372,1.709,4,eff(/joint_states)
20260821_104549,20260821,105616,2112,6.7,105611,50.10,50.10,48.60,50.50,50.09,2.94,22.30,6.24,2.92,13,2099,147.0,86.280,1.118,85.162,0,trq(/motor_torque)
20260821_112106,20260821,99200,1984,178.9,99196,50.10,50.00,48.60,50.90,49.85,15.86,33.40,17.58,15.48,353,1630,789.3,435.003,85.943,349.060,0,trq(/motor_torque)
20260918_111518,20260918,391600,7832,140.0,391595,50.10,50.10,49.20,50.40,50.08,2.97,14.90,7.28,2.81,282,7550,148.6,323.236,28.556,294.680,0,trq(/motor_torque)
20260831_145337,20260831,405750,8116,343.2,405749,48.90,48.60,46.80,49.80,48.72,9.31,33.30,18.29,6.60,1884,6231,452.5,1020.157,464.061,556.096,215,eff(/joint_states)
20260827_130923,20260827,672934,13459,0.0,672929,49.60,49.60,49.60,49.70,49.60,0.00,0.00,,0.00,0,13459,,0.000,0.000,0.000,0,eff(/joint_states)
20260828_135400,20260828,688250,13766,262.8,688237,49.50,49.50,47.80,50.20,49.45,5.51,33.40,12.62,4.55,1639,12126,272.2,1040.673,282.855,757.817,0,eff(/joint_states)
20260831_112404,20260831,356628,7133,109.0,356627,49.30,49.10,47.50,49.90,49.18,6.49,33.40,20.25,5.35,543,6590,318.4,630.879,149.383,481.496,413,eff(/joint_states)
20260826_114737,20260826,306930,6139,97.3,306925,50.00,37.70,37.70,50.60,42.21,4.82,31.50,16.91,3.37,658,5481,225.9,385.248,154.116,231.133,1097,eff(/joint_states)
20260824_175248,20260824,171550,3431,152.7,171549,49.60,49.60,48.00,50.00,49.47,9.03,33.30,18.55,5.21,982,2449,445.2,424.379,249.348,175.031,610,eff(/joint_states)
20260916_140028,20260916,223932,4479,5.1,223929,48.20,48.10,47.70,48.30,48.16,1.96,12.20,6.05,1.95,2,4477,94.2,117.138,0.164,116.973,0,trq(/motor_torque)
20260915_154849,20260915,354967,7100,13.5,354966,49.00,48.90,47.70,49.20,48.90,10.57,33.20,13.41,10.53,105,6995,517.0,1019.698,18.979,1000.719,0,eff(/joint_states)
20260827_165406,20260827,192017,3840,4.8,191990,49.60,49.60,48.20,49.90,49.60,0.24,32.80,18.92,0.16,16,3824,11.9,12.746,4.132,8.614,0,eff(/joint_states)
20260916_154204,20260916,165337,3307,16.5,165333,48.10,48.10,46.40,48.70,48.09,2.07,20.30,6.88,2.05,19,3288,99.7,91.581,1.755,89.826,0,trq(/motor_torque)
20260917_134122,20260917,642300,12846,0.0,29464,49.50,49.90,49.50,50.30,49.91,0.00,0.00,,0.00,0,589,,0.000,0.000,0.000,0,eff(/joint_states)
20260821_181022,20260821,178118,3562,2.1,177830,29.90,50.00,29.90,50.40,49.97,0.10,25.90,9.19,0.10,3,3554,5.2,5.146,0.320,4.826,0,eff(/joint_states)
20260918_165617,20260918,144515,2890,51.6,144507,50.10,50.10,49.30,50.30,50.08,3.53,23.60,7.35,3.33,143,2747,176.4,141.649,14.640,127.010,0,trq(/motor_torque)
20260826_151313,20260826,128700,2574,95.6,128680,50.10,50.10,48.60,50.90,49.99,7.34,33.20,18.39,3.59,653,1921,365.7,261.456,166.012,95.444,613,eff(/joint_states)
20260821_171159,20260821,129130,2583,16871.5,129129,50.10,21.40,21.40,50.80,30.72,5.63,32.90,21.02,3.31,338,2245,261.4,187.521,98.347,89.174,580,eff(/joint_states)
20260821_142602,20260821,130416,2608,4.3,130415,50.10,50.10,49.20,50.20,50.10,0.31,29.90,12.53,0.16,31,2577,15.6,11.326,5.425,5.901,12,eff(/joint_states)
20260827_121608,20260827,118050,2361,56.8,118031,49.80,49.60,48.00,50.30,49.69,4.26,32.70,10.08,3.31,331,2030,211.3,138.554,45.842,92.712,0,eff(/joint_states)
20260914_145045,20260914,106900,2138,20.6,106893,49.30,49.30,48.20,49.70,49.29,2.11,14.20,6.76,2.05,29,2109,104.0,61.754,2.708,59.045,0,trq(/motor_torque)
20260831_133829,20260831,84330,1687,61.7,84327,49.10,49.10,47.80,49.60,49.00,8.01,31.70,18.87,4.88,377,1310,391.2,183.287,96.599,86.688,153,eff(/joint_states)
20260917_172532,20260917,125021,2500,0.0,125016,49.80,49.70,49.70,49.80,49.74,0.00,0.00,,0.00,0,2500,,0.000,0.000,0.000,0,trq(/motor_torque)
20260826_135439,20260826,72130,1443,50.2,72121,50.10,50.10,48.60,51.00,49.99,7.99,32.30,17.52,4.85,357,1086,398.1,159.554,86.478,73.076,374,eff(/joint_states)
20260826_161420,20260826,94000,1880,9.3,92862,50.10,50.10,49.10,50.40,50.05,1.82,27.20,11.13,1.52,59,1798,90.0,46.985,9.086,37.899,42,eff(/joint_states)
20260831_142914,20260831,71939,1439,44.8,71932,49.00,48.20,47.30,49.50,48.92,8.74,33.10,15.68,5.85,424,1015,426.6,170.487,89.945,80.541,255,eff(/joint_states)
20260826_133122,20260826,69300,1386,51.0,69268,50.10,50.10,48.60,50.80,49.99,10.80,33.00,19.00,8.08,345,1041,538.6,207.351,90.446,116.904,863,eff(/joint_states)
20260821_164603,20260821,73400,1468,40.1,73383,50.10,50.10,49.20,50.70,50.04,6.10,32.00,18.94,3.07,280,1187,304.2,124.035,73.565,50.470,440,eff(/joint_states)
20260915_174945,20260915,77366,1547,15.5,77361,48.90,48.80,48.40,48.90,48.87,1.50,25.00,9.12,1.37,27,1520,73.2,31.477,3.340,28.137,0,trq(/motor_torque)
20260916_133526,20260916,74616,1492,6.5,74614,48.40,48.20,47.90,48.50,48.34,2.12,11.10,7.29,2.06,18,1474,102.7,42.559,1.780,40.780,0,trq(/motor_torque)
20260821_134824,20260821,66800,1336,46.3,66795,50.10,50.10,49.10,51.10,50.02,8.71,33.40,19.77,4.87,344,992,434.3,161.172,94.142,67.030,185,eff(/joint_states)
20260826_173617,20260826,62928,1259,67.6,62895,50.00,49.90,48.90,50.70,49.86,14.10,30.60,18.92,10.89,503,755,701.3,245.186,131.473,113.714,606,eff(/joint_states)
20260831_110134,20260831,57730,1155,46.5,57724,49.30,49.30,47.60,49.60,49.16,10.96,33.10,21.20,7.26,306,848,537.0,172.237,88.430,83.807,277,eff(/joint_states)
20260916_151956,20260916,60982,1220,69.5,60976,48.10,48.10,47.40,48.20,48.03,5.38,14.00,7.09,5.27,77,1143,258.2,87.481,7.250,80.231,0,trq(/motor_torque)
20260916_165922,20260916,54450,1089,89.3,54442,48.00,48.00,47.40,48.20,47.90,5.68,13.20,7.29,5.35,186,903,271.9,82.262,18.039,64.223,0,trq(/motor_torque)
20260826_145325,20260826,51865,1037,27.0,51860,50.10,50.10,48.70,50.70,50.04,6.81,31.90,17.17,4.77,171,866,340.1,98.003,40.637,57.365,121,eff(/joint_states)
20260826_110604,20260826,55832,1117,30.0,55781,50.10,50.10,48.90,50.80,50.05,5.65,29.70,16.39,3.20,207,908,282.0,87.457,47.081,40.375,212,eff(/joint_states)
20260918_160635,20260918,51065,1021,45.8,51061,50.10,50.10,49.60,50.30,50.06,5.79,13.10,7.13,5.65,97,924,290.0,82.260,9.599,72.660,0,trq(/motor_torque)
20260918_134850,20260918,44750,895,93.2,44742,50.10,50.10,49.60,50.30,50.01,6.88,15.20,7.00,6.86,150,745,344.0,85.530,14.614,70.916,0,trq(/motor_torque)
20260821_161500,20260821,45116,902,73.0,45109,50.10,50.10,49.10,50.60,49.93,16.22,33.40,20.20,15.47,142,761,808.5,202.646,39.630,163.015,0,trq(/motor_torque)
20260828_174525,20260828,51884,1038,14.2,51883,49.40,49.40,48.10,49.80,49.37,1.93,32.80,17.61,0.65,78,959,94.7,27.304,18.849,8.455,0,eff(/joint_states)
20260914_152631,20260914,56436,1129,0.0,56435,49.30,49.30,49.30,49.40,49.30,1.17,1.20,,1.17,0,1129,57.5,18.025,0.000,18.025,0,eff(/joint_states)
20260824_154320,20260824,55400,1108,0.4,55399,49.60,49.60,48.50,49.60,49.57,0.61,32.20,18.98,0.55,4,1104,30.4,9.352,1.034,8.318,0,eff(/joint_states)
20260918_163501,20260918,44650,893,1.5,44644,50.10,50.10,49.30,50.10,50.09,2.47,12.10,10.44,2.43,5,888,123.8,30.719,0.686,30.032,0,trq(/motor_torque)
20260918_143008,20260918,50017,1000,0.0,50006,50.10,50.10,50.10,50.10,50.10,4.50,4.50,,4.50,0,1000,225.4,62.633,0.000,62.633,25,eff(/joint_states)
20260914_130632,20260914,43950,879,9.9,43945,49.30,49.30,48.80,49.60,49.34,3.31,13.20,6.77,3.02,67,812,163.1,39.834,6.250,33.584,17,eff(/joint_states)
20260918_152119,20260918,38516,770,49.5,38507,50.10,50.10,49.60,50.40,50.04,6.37,14.30,7.98,5.38,294,476,318.7,68.189,32.604,35.585,331,eff(/joint_states)
20260826_164614,20260826,39750,795,38.3,39747,50.10,50.00,49.00,50.50,49.98,8.37,29.20,11.64,6.79,259,536,417.9,92.291,41.745,50.546,158,eff(/joint_states)
20260821_155556,20260821,42232,845,25.2,42229,50.10,50.10,49.20,50.70,50.03,11.69,30.10,18.50,10.29,144,700,584.4,137.098,36.935,100.164,199,eff(/joint_states)
20260826_172254,20260826,38177,764,29.7,38173,50.00,49.20,48.50,50.60,49.95,10.30,29.20,12.61,9.62,174,590,514.2,109.044,30.338,78.706,101,eff(/joint_states)
20260821_151350,20260821,36915,738,19.8,36914,50.10,50.10,49.30,50.80,50.04,7.26,32.00,19.34,3.65,170,568,362.5,74.334,45.607,28.726,219,eff(/joint_states)
20260824_172026,20260824,41367,827,43.1,41329,49.60,49.60,48.10,49.80,49.51,9.09,29.80,16.47,6.21,232,594,448.8,103.130,52.436,50.694,0,eff(/joint_states)
20260916_172637,20260916,34930,699,17.6,34929,48.00,47.90,47.20,48.00,47.88,3.41,21.40,7.70,2.51,120,578,162.9,31.613,12.294,19.319,239,eff(/joint_states)
20260914_141522,20260914,37014,740,21.7,37013,49.30,49.30,48.90,49.40,49.29,4.27,16.00,7.79,4.04,46,695,210.3,43.247,4.852,38.395,0,trq(/motor_torque)
20260826_155618,20260826,32780,656,19.9,32773,50.10,19.90,19.90,50.40,47.03,9.13,32.50,17.93,6.98,129,527,421.9,76.832,31.958,44.874,405,eff(/joint_states)
20260918_110426,20260918,32182,644,67.9,32177,50.10,50.10,49.70,50.40,50.03,7.37,25.30,7.60,7.32,126,518,368.7,65.918,13.296,52.621,0,trq(/motor_torque)
20260915_183041,20260915,33463,669,12.3,33458,48.80,39.90,39.90,48.90,44.51,6.10,19.30,10.51,5.86,35,634,272.8,50.714,4.970,45.744,0,trq(/motor_torque)
20260923_140344,20260923,91300,1826,0.0,0,,,,,,,0.00,,,0,0,,0.000,0.000,0.000,0,
20260918_145302,20260918,32465,649,12.5,32457,50.10,50.10,49.70,50.20,50.07,5.94,33.40,11.64,4.90,100,549,297.0,53.564,16.203,37.361,448,eff(/joint_states)
20260916_190859,20260916,35230,705,10.2,35192,46.50,46.30,46.00,46.60,46.38,4.42,12.80,7.81,4.14,53,651,204.6,40.046,5.341,34.705,45,eff(/joint_states)
20260826_113255,20260826,37368,747,13.8,37367,50.10,50.00,48.60,50.80,50.07,4.94,33.10,14.66,4.29,47,700,246.8,51.245,9.502,41.744,0,eff(/joint_states)
20260821_163108,20260821,31266,625,45.2,31264,50.10,50.10,49.20,51.20,49.92,18.27,33.10,21.33,17.80,82,543,910.9,158.218,24.281,133.936,0,trq(/motor_torque)
20260824_173427,20260824,30315,606,41.2,30312,49.60,49.60,48.10,50.00,49.46,9.88,30.20,15.26,7.42,190,416,487.6,82.121,39.861,42.260,147,eff(/joint_states)
20260918_162458,20260918,29700,594,64.7,29695,50.10,50.00,49.30,50.40,49.98,6.93,24.70,6.97,6.93,126,468,346.5,57.165,12.220,44.945,0,trq(/motor_torque)
20260824_185634,20260824,29700,594,27.6,29553,49.50,49.50,48.20,50.10,49.45,10.73,29.90,17.87,6.75,212,379,527.2,86.988,51.924,35.064,244,eff(/joint_states)
20260821_141546,20260821,30450,609,28.9,30447,50.10,50.10,49.20,50.60,50.02,12.23,33.00,15.04,11.15,170,439,611.3,103.413,35.383,68.030,184,eff(/joint_states)
20260824_170853,20260824,33918,678,16.6,33917,49.60,49.60,48.00,50.10,49.56,3.65,33.30,15.13,2.29,72,606,180.4,33.991,14.961,19.030,0,eff(/joint_states)
20260916_183630,20260916,26278,526,37.1,26273,47.20,47.10,46.50,47.40,47.06,6.68,19.90,7.86,5.80,226,300,314.2,45.868,23.138,22.730,368,eff(/joint_states)
20260831_132329,20260831,26950,539,2.4,26916,49.10,48.80,47.80,49.40,49.11,6.50,31.10,24.16,5.88,18,520,318.3,47.664,6.006,41.658,273,eff(/joint_states)
20260827_125826,20260827,30417,608,8.3,30412,49.60,49.60,47.90,50.50,49.54,2.66,29.10,14.67,2.09,28,581,131.4,22.205,5.531,16.674,0,eff(/joint_states)
20260826_171234,20260826,28718,574,19.3,28714,50.00,50.00,48.50,50.20,50.02,7.25,28.60,10.68,6.45,110,465,362.5,57.842,16.210,41.633,0,eff(/joint_states)
20260824_174444,20260824,24015,480,22.4,24014,49.60,49.60,48.60,50.00,49.50,8.13,31.50,15.19,5.39,134,346,401.2,53.526,27.911,25.614,65,eff(/joint_states)
20260918_133349,20260918,23516,470,44.0,23514,50.10,50.10,49.50,50.30,50.02,6.43,15.40,7.28,6.27,75,395,321.6,42.018,7.611,34.407,0,trq(/motor_torque)
20260828_181525,20260828,27995,560,7.5,27986,49.40,49.40,48.40,49.70,49.40,1.33,33.10,18.51,0.75,18,542,65.1,10.126,4.556,5.570,0,eff(/joint_states)
20260918_140621,20260918,21178,424,26.4,21169,50.10,50.10,49.60,50.30,50.04,6.17,16.80,7.81,5.33,143,280,308.6,36.302,15.622,20.681,227,eff(/joint_states)
20260916_190117,20260916,20100,402,32.2,20099,46.70,46.50,46.10,46.90,46.53,6.72,18.90,7.98,5.72,178,224,312.5,34.887,18.302,16.585,277,eff(/joint_states)
20260916_182940,20260916,20180,404,21.7,20139,47.40,47.20,46.60,47.40,47.24,7.03,21.80,8.21,6.53,121,282,331.5,37.157,13.005,24.152,353,eff(/joint_states)
20260918_154850,20260918,22332,447,23.3,22319,50.10,50.10,49.60,50.30,50.05,6.21,13.60,7.31,5.70,141,306,310.5,38.520,14.303,24.217,142,eff(/joint_states)
20260914_143717,20260914,19500,390,14.9,19495,49.30,49.30,48.30,49.50,49.28,5.47,32.00,7.73,5.36,17,373,269.2,29.161,1.805,27.356,0,trq(/motor_torque)
20260916_180316,20260916,19845,397,11.2,19844,47.80,47.80,47.30,48.00,47.72,8.21,16.80,8.23,8.20,100,297,391.4,43.154,10.868,32.287,56,eff(/joint_states)
20260914_135931,20260914,21400,428,3.2,21396,49.30,49.40,48.10,49.40,49.31,3.93,14.90,8.79,3.93,0,428,193.8,23.034,0.043,22.991,0,trq(/motor_torque)
20260914_132635,20260914,18950,379,34.2,18942,49.40,49.30,48.60,49.50,49.26,6.33,12.90,6.98,6.17,72,306,311.5,32.792,6.920,25.872,0,trq(/motor_torque)
20260914_144417,20260914,18832,377,16.8,18826,49.30,49.30,47.70,49.80,49.27,5.37,18.20,6.98,5.07,60,317,264.5,27.669,5.724,21.945,0,trq(/motor_torque)
20260918_141940,20260918,18315,366,21.2,18314,50.10,50.10,49.60,50.20,50.03,7.95,27.10,9.04,7.28,140,227,397.5,40.438,17.523,22.915,236,eff(/joint_states)
20260916_181336,20260916,17882,358,24.0,17876,47.70,47.50,46.90,47.80,47.51,7.45,20.40,8.13,6.90,160,197,353.5,35.119,17.195,17.924,235,eff(/joint_states)
20260917_171535,20260917,29600,592,0.0,29584,49.80,49.80,49.80,49.90,49.82,0.00,0.00,,0.00,0,592,,0.000,0.000,0.000,0,eff(/joint_states)
20260915_181802,20260915,18550,371,17.8,18545,48.80,48.80,47.50,49.50,48.75,5.20,16.70,6.86,4.97,45,326,253.5,26.120,4.207,21.913,0,trq(/motor_torque)
20260916_173822,20260916,17045,341,15.6,17035,47.90,47.90,47.10,48.10,47.83,5.06,19.60,7.98,4.05,88,253,241.9,22.903,9.319,13.584,247,eff(/joint_states)
20260916_184959,20260916,17066,341,29.5,17029,47.10,46.80,46.30,47.10,46.79,8.01,32.60,8.83,7.22,168,172,373.8,35.437,19.296,16.142,181,eff(/joint_states)
20260821_154938,20260821,18550,371,18.8,18513,50.10,50.10,49.20,50.70,49.99,13.10,30.00,18.39,10.43,124,246,652.5,67.239,31.631,35.608,171,eff(/joint_states)
20260918_134222,20260918,18832,377,30.1,18828,50.10,50.10,49.70,50.20,50.04,6.17,17.40,6.80,6.06,57,319,308.6,32.289,5.405,26.883,0,trq(/motor_torque)
20260914_133608,20260914,17200,344,20.2,17197,49.30,49.30,48.80,49.50,49.28,5.67,14.40,6.80,5.54,37,307,279.5,26.705,3.460,23.245,0,trq(/motor_torque)
20260824_185010,20260824,18650,373,20.6,18649,49.60,49.50,48.30,50.10,49.47,9.03,28.40,13.23,6.76,131,242,446.0,46.214,23.746,22.468,0,eff(/joint_states)
20260826_103839,20260826,28223,564,0.0,24370,50.10,50.10,50.00,50.10,50.10,0.00,0.00,,0.00,0,488,,0.000,0.000,0.000,0,eff(/joint_states)
20260918_165040,20260918,16116,322,31.0,16110,50.10,50.10,49.40,50.40,49.99,7.66,18.10,7.20,7.74,48,275,382.9,34.283,4.748,29.535,0,trq(/motor_torque)
20260821_153929,20260821,17850,357,8.0,17845,50.10,50.10,48.90,50.50,50.07,2.82,29.80,15.06,1.45,36,321,140.7,13.951,7.495,6.456,47,eff(/joint_states)
20260821_152613,20260821,16500,330,14.6,16499,50.10,49.90,49.10,50.70,50.00,10.88,30.20,18.96,7.29,101,229,542.7,49.743,26.648,23.095,147,eff(/joint_states)
20260831_170903,20260831,14930,299,19.5,14922,48.60,48.60,47.00,49.30,48.41,15.62,32.80,23.57,8.94,136,162,754.1,62.538,43.115,19.423,157,eff(/joint_states)
20260918_154100,20260918,18200,364,3.8,18193,50.10,50.10,49.00,50.60,50.09,6.58,16.40,7.70,6.51,21,343,329.4,33.300,2.228,31.072,0,eff(/joint_states)
20260918_132850,20260918,14750,295,20.9,14744,50.10,50.10,49.50,50.30,50.03,6.51,18.50,8.12,5.45,117,178,325.5,26.669,13.206,13.463,186,eff(/joint_states)
20260918_153450,20260918,16950,339,2.1,16945,50.10,50.10,49.30,50.30,50.04,6.00,29.40,19.69,5.83,4,335,299.7,28.216,1.125,27.091,0,trq(/motor_torque)
20260916_120455,20260916,15082,302,41.6,15073,48.40,48.40,47.40,48.60,48.23,5.90,16.40,7.65,5.65,38,264,284.0,23.795,3.857,19.937,0,trq(/motor_torque)
20260914_143008,20260914,13066,261,18.1,13064,49.30,49.30,48.70,49.70,49.26,5.58,16.60,7.11,5.39,28,233,274.6,19.932,2.761,17.171,0,trq(/motor_torque)
20260916_182528,20260916,12300,246,18.3,12273,47.60,47.40,47.00,47.80,47.36,6.56,16.30,7.87,5.43,114,131,310.0,21.181,11.817,9.364,202,eff(/joint_states)
20260916_192058,20260916,14380,288,14.1,14379,46.20,46.20,45.30,46.30,46.18,6.58,29.80,11.23,4.99,73,215,303.4,24.239,10.509,13.730,143,eff(/joint_states)
20260826_170718,20260826,15284,306,3.8,15283,50.10,50.10,49.10,50.60,50.06,2.86,21.00,6.11,2.57,26,280,143.3,12.167,2.168,9.998,0,eff(/joint_states)
20260914_141019,20260914,13882,278,7.1,13878,49.40,49.30,47.70,49.80,49.30,3.45,17.90,6.78,3.15,23,255,169.8,13.095,2.090,11.005,0,trq(/motor_torque)
20260918_151126,20260918,10815,216,15.0,10809,50.10,50.10,49.20,50.30,50.03,6.36,19.10,8.11,4.99,95,121,317.7,19.088,10.670,8.418,133,eff(/joint_states)
20260831_105743,20260831,11165,223,12.4,11164,49.30,49.30,47.70,49.80,49.18,10.07,30.60,18.22,6.85,63,160,494.1,30.645,15.681,14.964,40,eff(/joint_states)
20260826_112600,20260826,12650,253,8.1,12649,50.10,50.10,49.20,50.30,50.04,7.02,32.40,18.64,4.21,49,204,350.4,24.621,12.736,11.885,0,eff(/joint_states)
20260918_151638,20260918,13500,270,0.0,13496,50.10,50.10,50.10,50.20,50.10,6.00,6.00,,6.00,0,270,300.5,22.538,0.000,22.538,32,eff(/joint_states)
20260914_135551,20260914,10500,210,17.3,10496,49.30,49.30,48.40,49.60,49.16,12.13,25.80,12.22,12.11,31,179,595.6,34.741,5.118,29.623,0,trq(/motor_torque)
20260916_151634,20260916,9184,184,17.4,9182,48.10,48.10,47.70,48.20,48.00,6.76,15.10,6.98,6.68,50,134,324.2,16.539,4.616,11.923,0,trq(/motor_torque)
20260918_110049,20260918,10432,209,7.3,10425,50.10,50.10,49.90,50.30,50.09,3.16,9.70,6.68,2.87,16,193,158.3,9.171,1.465,7.706,0,trq(/motor_torque)
20260916_181000,20260916,9065,181,3.1,9064,47.70,47.70,47.10,47.80,47.69,4.85,11.50,6.88,4.61,19,162,231.5,11.655,1.772,9.883,17,eff(/joint_states)
20260821_154532,20260821,11936,239,2.2,11929,50.10,50.10,49.40,50.10,50.08,2.16,32.10,18.64,1.01,15,223,107.6,7.133,3.996,3.136,0,eff(/joint_states)
20260914_143440,20260914,7400,148,8.0,7396,49.30,49.30,48.90,49.50,49.27,6.34,10.70,6.47,6.31,30,118,312.3,12.837,2.636,10.200,0,trq(/motor_torque)
20260918_141459,20260918,10636,213,0.1,10631,50.10,50.10,49.80,50.10,50.10,2.26,13.50,6.29,2.24,1,211,113.3,6.693,0.122,6.570,0,eff(/joint_states)
20260915_182646,20260915,7466,149,3.5,7465,48.80,48.80,48.40,48.90,48.78,3.49,11.90,6.67,2.95,22,128,169.9,7.048,1.943,5.105,0,trq(/motor_torque)
20260821_153147,20260821,9368,187,1.4,9363,50.00,50.10,49.20,50.40,50.07,4.52,31.60,21.70,2.33,21,166,225.6,11.740,6.361,5.379,0,eff(/joint_states)
20260918_150814,20260918,9370,187,0.0,9352,50.10,50.10,50.10,50.20,50.10,2.30,2.30,,2.30,0,187,115.0,5.987,0.000,5.987,0,eff(/joint_states)
20260826_113021,20260826,7384,148,12.6,7366,50.10,50.10,49.00,50.70,50.00,9.71,29.50,15.26,6.58,53,94,483.6,19.834,11.239,8.595,0,eff(/joint_states)
20260914_132208,20260914,6500,130,10.8,6493,49.40,49.40,48.00,49.80,49.27,5.58,15.80,5.66,5.58,1,129,274.6,9.913,0.054,9.859,0,trq(/motor_torque)
20260826_151048,20260826,6815,136,5.6,6811,50.10,50.10,48.90,50.30,49.92,14.26,29.80,23.67,10.39,40,97,710.0,26.881,12.991,13.890,21,eff(/joint_states)
20260916_120058,20260916,6300,126,11.6,6296,48.40,48.40,47.70,48.60,48.32,6.09,11.70,6.98,5.96,17,109,294.2,10.295,1.562,8.733,0,trq(/motor_torque)
20260915_181556,20260915,5850,117,7.0,5842,48.80,48.80,48.30,49.10,48.75,6.18,14.70,8.63,5.72,18,98,300.7,9.770,2.143,7.627,0,trq(/motor_torque)
20260914_133318,20260914,5815,116,10.0,5810,49.30,49.30,49.00,49.50,49.26,6.88,13.30,7.36,6.83,9,107,338.5,10.931,0.930,10.002,0,trq(/motor_torque)
20260916_174707,20260916,6000,120,8.4,5994,47.90,47.90,47.20,48.00,47.79,5.61,18.00,8.00,3.13,61,59,267.6,8.919,6.474,2.445,108,eff(/joint_states)
20260831_112123,20260831,5730,115,2.7,5726,49.30,49.20,47.80,49.30,49.12,11.07,33.20,18.45,9.38,21,93,542.5,17.263,5.328,11.935,29,eff(/joint_states)
20260824_153821,20260824,9899,198,0.0,9895,49.60,49.60,49.60,49.60,49.60,0.00,0.00,,0.00,0,198,,0.000,0.000,0.000,0,eff(/joint_states)
20260821_161007,20260821,7069,141,0.4,7066,50.10,50.10,49.90,50.10,50.10,0.24,6.50,3.92,0.16,3,138,12.3,0.481,0.165,0.316,0,eff(/joint_states)
20260821_151147,20260821,5800,116,9.0,5793,50.10,50.10,49.30,50.30,49.99,12.22,32.40,13.47,11.13,54,62,609.7,19.639,10.120,9.519,0,eff(/joint_states)
20260914_142824,20260914,4682,94,9.2,4679,49.30,49.40,48.00,49.60,49.24,5.50,16.50,6.91,5.50,0,93,270.6,7.037,0.025,7.012,0,trq(/motor_torque)
20260821_150936,20260821,6218,124,6.3,6207,50.10,50.10,49.10,50.60,50.05,5.34,30.80,12.66,3.51,25,99,266.0,9.188,4.355,4.832,0,eff(/joint_states)
20260821_153745,20260821,4865,97,7.0,4858,50.10,50.10,49.30,50.50,49.99,9.93,31.80,14.28,7.48,35,62,495.0,13.375,6.947,6.428,31,eff(/joint_states)
20260916_120314,20260916,4566,91,8.4,4560,48.40,48.40,47.00,48.60,48.33,5.73,14.60,6.78,5.25,29,63,276.7,7.016,2.601,4.415,0,trq(/motor_torque)
20260915_174727,20260915,4632,93,4.7,4629,48.90,48.90,48.40,49.00,48.82,6.13,14.00,7.06,6.02,10,83,298.9,7.689,0.924,6.766,0,trq(/motor_torque)
20260821_161326,20260821,3784,76,3.4,3777,50.10,50.10,49.40,50.20,50.00,12.00,31.00,19.45,11.19,7,68,598.2,12.573,2.019,10.554,0,trq(/motor_torque)
20260821_164405,20260821,5586,112,1.9,5579,50.20,50.10,48.90,50.20,50.07,2.29,27.30,17.57,1.46,6,106,114.0,3.536,1.397,2.139,0,eff(/joint_states)
20260828_134254,20260828,4972,99,0.0,4938,49.50,49.40,49.40,49.50,49.45,0.00,0.00,,0.00,0,99,,0.000,0.000,0.000,0,eff(/joint_states)
20260918_140446,20260918,4270,85,0.0,4266,50.10,50.10,50.10,50.10,50.10,1.61,1.70,,1.61,0,85,80.4,1.906,0.000,1.906,0,trq(/motor_torque)
20260914_130443,20260914,4592,92,0.0,4576,49.40,49.40,49.30,49.40,49.37,6.00,6.00,,6.00,0,92,295.2,7.528,0.000,7.528,0,eff(/joint_states)
20260826_114530,20260826,3368,67,6.8,3363,50.10,50.10,49.20,50.40,49.89,14.33,32.80,16.20,11.55,40,27,713.1,13.336,8.993,4.344,0,eff(/joint_states)
20260821_171038,20260821,3718,74,3.3,3710,50.10,50.10,48.90,50.20,50.05,5.41,30.40,14.94,3.26,14,61,270.1,5.576,2.833,2.743,0,eff(/joint_states)
20260826_112447,20260826,3286,66,2.2,3285,50.10,50.10,49.60,50.20,50.05,6.19,28.30,14.55,3.87,14,51,309.3,5.646,2.887,2.759,0,eff(/joint_states)
20260918_132741,20260918,3020,60,0.0,3010,50.10,50.10,50.00,50.20,50.10,2.10,2.10,,2.10,0,60,104.9,1.759,0.000,1.759,0,eff(/joint_states)
20260828_133928,20260828,9050,181,0.0,0,,,,,,,0.00,,,0,0,,0.000,0.000,0.000,0,
20260824_153332,20260824,9891,198,0.0,0,,,,,,,0.00,,,0,0,,0.000,0.000,0.000,0,
20260914_135201,20260914,8000,160,0.0,0,,,,,,,0.00,,,0,0,,0.000,0.000,0.000,0,
20260821_163010,20260821,2700,54,1.3,2699,50.00,50.00,49.50,50.20,50.00,13.04,32.00,19.23,11.92,8,46,651.8,9.769,2.211,7.558,0,eff(/joint_states)
20260826_114644,20260826,2284,46,3.8,2276,50.00,50.10,49.70,50.10,49.95,12.40,27.70,13.10,11.84,20,25,617.2,7.826,3.682,4.143,0,eff(/joint_states)
20260918_144653,20260918,2942,59,0.0,2932,50.10,50.10,50.10,50.10,50.10,4.50,4.50,,4.50,0,59,224.8,3.672,0.000,3.672,0,trq(/motor_torque)
20260918_154752,20260918,2400,48,0.0,2393,50.10,50.10,50.10,50.10,50.10,6.10,6.10,,6.10,0,48,304.9,4.063,0.000,4.063,0,eff(/joint_states)
20260821_164141,20260821,2250,45,1.9,2241,50.10,50.10,49.30,50.10,50.01,12.48,29.40,21.71,9.60,11,34,620.9,7.760,3.200,4.560,0,eff(/joint_states)
20260915_182945,20260915,1900,38,0.2,1894,48.80,48.80,48.60,48.90,48.79,3.65,8.80,7.02,3.62,0,38,177.7,1.875,0.029,1.847,0,trq(/motor_torque)
20260914_132122,20260914,2069,41,0.0,2034,49.40,49.30,49.30,49.40,49.36,5.29,5.40,,5.29,0,41,257.1,2.953,0.000,2.953,0,eff(/joint_states)
20260831_133601,20260831,6800,136,0.0,0,,,,,,,0.00,,,0,0,,0.000,0.000,0.000,0,
20260915_152510,20260915,2272,45,0.0,2265,49.00,49.00,49.00,49.10,49.03,0.00,0.00,,0.00,0,45,,0.000,0.000,0.000,0,eff(/joint_states)
20260916_133415,20260916,3121,62,0.0,1591,48.50,48.40,48.40,48.50,48.41,0.00,0.00,,0.00,0,32,,0.000,0.000,0.000,0,trq(/motor_torque)
20260821_161233,20260821,1200,24,0.4,1197,50.10,50.10,49.70,50.10,50.06,5.28,25.70,9.42,5.17,1,23,263.7,1.756,0.081,1.675,0,trq(/motor_torque)
20260821_134640,20260821,2772,55,0.0,1374,49.70,50.10,49.70,50.40,50.10,0.00,0.00,,0.00,0,28,,0.000,0.000,0.000,0,eff(/joint_states)
20260826_133029,20260826,2200,44,4.1,1007,21.50,50.10,21.50,50.30,45.53,0.00,0.00,0.00,0.00,0,20,,0.000,0.000,0.000,0,eff(/joint_states)
20260916_120020,20260916,1400,28,0.0,1392,48.40,48.40,48.40,48.50,48.41,0.00,0.00,,0.00,0,28,,0.000,0.000,0.000,0,eff(/joint_states)
20260821_153711,20260821,1390,28,0.0,1345,50.10,50.10,50.00,50.10,50.10,0.00,0.00,,0.00,0,27,,0.000,0.000,0.000,0,eff(/joint_states)
20260923_140151,20260923,2450,49,0.0,0,,,,,,,0.00,,,0,0,,0.000,0.000,0.000,0,
20260923_140246,20260923,2200,44,0.0,0,,,,,,,0.00,,,0,0,,0.000,0.000,0.000,0,
20260914_133302,20260914,519,10,0.0,518,49.30,49.30,49.30,49.40,49.30,4.40,4.40,,4.40,0,10,216.9,0.624,0.000,0.624,0,eff(/joint_states)
20260915_182921,20260915,950,19,0.3,944,48.80,48.80,48.60,48.80,48.78,4.53,9.30,6.62,3.97,4,15,219.8,1.159,0.359,0.800,0,trq(/motor_torque)
20260824_154142,20260824,1639,33,0.0,1637,49.60,49.60,49.60,49.60,49.60,0.00,0.00,,0.00,0,33,,0.000,0.000,0.000,0,eff(/joint_states)
20260918_162347,20260918,1300,26,0.0,0,,,,,,,0.00,,,0,0,,0.000,0.000,0.000,0,
20260914_133556,20260914,400,8,0.0,392,49.30,49.40,49.30,49.40,49.32,6.50,6.50,,6.50,0,8,315.3,0.698,0.000,0.698,0,eff(/joint_states)
20260821_161313,20260821,421,8,0.0,417,50.10,50.10,50.10,50.10,50.10,0.00,0.00,,0.00,0,8,,0.000,0.000,0.000,0,eff(/joint_states)
20260918_141902,20260918,370,7,0.0,365,50.10,50.10,50.10,50.10,50.10,3.10,3.10,,3.10,0,7,153.6,0.315,0.000,0.315,0,eff(/joint_states)
20260914_133533,20260914,286,6,0.0,267,49.30,49.30,49.30,49.40,49.31,6.50,6.50,,6.50,0,5,300.7,0.475,0.000,0.475,0,eff(/joint_states)
20260914_132624,20260914,300,6,0.0,288,49.30,49.30,49.30,49.40,49.35,3.60,3.60,,3.60,0,6,171.1,0.284,0.000,0.284,0,eff(/joint_states)
20260821_133944,20260821,901,18,0.0,0,,,,,,,0.00,,,0,0,,0.000,0.000,0.000,0,
20260914_141513,20260914,270,5,0.0,264,49.30,49.30,49.30,49.40,49.31,1.30,1.30,,1.30,0,5,63.0,0.094,0.000,0.094,0,eff(/joint_states)
20260918_141836,20260918,900,18,0.0,0,,,,,,,0.00,,,0,0,,0.000,0.000,0.000,0,
20260821_161449,20260821,300,6,0.0,299,50.10,50.10,50.00,50.10,50.10,0.00,0.00,,0.00,0,6,,0.000,0.000,0.000,0,eff(/joint_states)
20260821_161305,20260821,22,0,0.0,15,50.10,50.10,50.10,50.10,50.10,0.00,0.00,,0.00,0,0,,0.000,0.000,0.000,0,eff(/joint_states)
20260914_133543,20260914,250,5,0.0,238,49.30,49.30,49.30,49.40,49.31,6.50,6.50,,6.50,0,5,306.4,0.424,0.000,0.424,0,trq(/motor_torque)
